player,nationality,position,squad,age,birth_year,games,games_starts,minutes,goals,assists,pens_made,pens_att,cards_yellow,cards_red,goals_per90,assists_per90,goals_assists_per90,goals_pens_per90,goals_assists_pens_per90,xg,npxg,xg_per90,npxg_per90,minutes_90s,shots_on_target,shots_free_kicks,shots_on_target_pct,shots_on_target_per90,goals_per_shot,goals_per_shot_on_target,npxg_per_shot,xg_net,npxg_net
Max Aarons,ENG,DF,Bournemouth,25,1996,3,1,86,0,0,0,0,0,0,0,0,0,0,0,0,0,0,0,1,0,0,0,0,0,0,0,0,0
Joshua Acheampong,ENG,DF,Chelsea,18,2003,2,2,160,0,0,0,0,0,0,0,0,0,0,0,0.2,0.2,0.12,0.12,1.8,0,0,0,0,0,0,0.11,-0.2,-0.2
Tyler Adams,USA,MF,Bournemouth,25,1996,12,7,686,0,1,0,0,4,0,0,0.13,0.13,0,0.13,1.1,1.1,0.14,0.14,7.6,1,0,20,0.13,0,0,0.21,-1.1,-1.1
Tosin Adarabioyo,ENG,DF,Chelsea,27,1994,10,7,643,0,0,0,0,1,0,0,0,0,0,0,0.3,0.3,0.04,0.04,7.1,1,0,20,0.14,0,0,0.06,-0.3,-0.3
Simon Adingra,CIV,FW/MF,Brighton,23,1998,15,6,553,2,1,0,0,0,0,0.33,0.16,0.49,0.33,0.49,1.4,1.4,0.23,0.23,6.1,4,0,30.8,0.65,0.15,0.5,0.11,0.6,0.6
Emmanuel Agbadou,CIV,DF,Wolves,27,1994,1,1,90,0,0,0,0,1,0,0,0,0,0,0,0,0,0,0,1,0,0,0,0,0,0,0,0,0
Asher Agbinone,ENG,MF,Crystal Palace,19,2002,2,0,6,0,0,0,0,0,0,0,0,0,0,0,0,0,0.29,0.29,0.1,0,0,0,0,0,0,0.02,0,0
Ola Aina,NGA,DF,Nott'ham Forest,28,1993,22,22,1913,2,1,0,0,2,0,0.09,0.05,0.14,0.09,0.14,0.6,0.6,0.03,0.03,21.3,2,0,28.6,0.09,0.29,1,0.08,1.4,1.4
Rayan Aït-Nouri,ALG,DF,Wolves,23,1998,20,20,1722,3,5,0,0,6,1,0.16,0.26,0.42,0.16,0.42,1.5,1.5,0.08,0.08,19.1,4,0,22.2,0.21,0.17,0.75,0.09,1.5,1.5
Kristoffer Ajer,NOR,DF,Brentford,26,1995,10,9,717,0,0,0,0,3,0,0,0,0,0,0,0.5,0.5,0.06,0.06,8,2,0,66.7,0.25,0,0,0.17,-0.5,-0.5
Manuel Akanji,SUI,DF,Manchester City,29,1992,18,18,1527,0,0,0,0,3,0,0,0,0,0,0,0.5,0.5,0.03,0.03,17,1,0,11.1,0.06,0,0,0.06,-0.5,-0.5
Nathan Aké,NED,DF,Manchester City,29,1992,9,7,602,0,0,0,0,0,0,0,0,0,0,0,0.2,0.2,0.03,0.03,6.7,0,0,0,0,0,0,0.07,-0.2,-0.2
Carlos Alcaraz,ARG,MF,Southampton,22,1999,1,0,10,0,0,0,0,0,0,0,0,0,0,0,0.1,0.1,0.62,0.62,0.1,1,0,100,9,0,0,0.07,-0.1,-0.1
Trent Alexander-Arnold,ENG,DF,Liverpool,26,1995,20,19,1575,1,5,0,0,4,0,0.06,0.29,0.34,0.06,0.34,0.9,0.9,0.05,0.05,17.5,4,2,16,0.23,0.04,0.25,0.04,0.1,0.1
Alisson,BRA,GK,Liverpool,32,1989,13,13,1158,0,0,0,0,0,0,0,0,0,0,0,0,0,0,0,12.9,0,0,0,0,0,0,0,0,0
Miguel Almirón,PAR,FW,Newcastle Utd,30,1991,8,1,154,0,0,0,0,0,0,0,0,0,0,0,0.5,0.5,0.27,0.27,1.7,1,0,20,0.58,0,0,0.09,-0.5,-0.5
Edson Álvarez,MEX,MF,West Ham,27,1994,18,13,1141,0,0,0,0,7,1,0,0,0,0,0,0.2,0.2,0.02,0.02,12.7,1,0,11.1,0.08,0,0,0.02,-0.2,-0.2
Will Alves,ENG,FW,Leicester City,19,2002,1,0,1,0,0,0,0,0,0,0,0,0,0,0,0,0,0,0,0,0,0,0,0,0,0,0,0,0
Samuel Amo-Ameyaw,ENG,FW/DF,Southampton,18,2003,2,0,28,0,0,0,0,1,0,0,0,0,0,0,0,0,0.07,0.07,0.3,0,0,0,0,0,0,0.02,0,0
Joachim Andersen,DEN,DF,Crystal Palace,28,1993,1,1,90,0,0,0,0,1,0,0,0,0,0,0,0,0,0.04,0.04,1,1,0,100,1,0,0,0.04,0,0
Joachim Andersen,DEN,DF,Fulham,28,1993,13,13,1143,0,0,0,0,2,1,0,0,0,0,0,0.2,0.2,0.02,0.02,12.7,2,0,25,0.16,0,0,0.03,-0.2,-0.2
Elliot Anderson,ENG,MF/FW,Nott'ham Forest,22,1999,21,17,1381,1,5,0,0,5,0,0.07,0.33,0.39,0.07,0.39,1.1,1.1,0.07,0.07,15.3,5,0,21.7,0.33,0.04,0.2,0.05,-0.1,-0.1
André,BRA,MF,Wolves,23,1998,16,14,1063,0,0,0,0,2,0,0,0,0,0,0,0.1,0.1,0.01,0.01,11.8,1,0,50,0.08,0,0,0.03,-0.1,-0.1
Michail Antonio,JAM,FW,West Ham,34,1987,14,11,836,1,1,0,0,1,0,0.11,0.11,0.22,0.11,0.22,2.2,2.2,0.24,0.24,9.3,4,0,21.1,0.43,0.05,0.25,0.12,-1.2,-1.2
Antony,BRA,DF/MF,Manchester Utd,24,1997,8,0,141,0,0,0,0,0,0,0,0,0,0,0,1,1,0.65,0.65,1.6,3,0,50,1.91,0,0,0.17,-1,-1
Julian Araujo,MEX,DF,Bournemouth,23,1998,8,5,355,0,0,0,0,1,0,0,0,0,0,0,0,0,0,0,3.9,0,0,0,0,0,0,0,0,0
Cameron Archer,ENG,FW,Southampton,23,1998,20,10,1016,2,0,0,1,0,0,0.18,0,0.18,0.18,0.18,4.4,3.6,0.39,0.32,11.3,6,0,28.6,0.53,0.1,0.33,0.17,-2.4,-1.6
Alphonse Areola,FRA,GK,West Ham,31,1990,11,10,910,0,0,0,0,0,0,0,0,0,0,0,0,0,0,0,10.1,0,0,0,0,0,0,0,0,0
Joe Aribo,NGA,MF,Southampton,28,1993,21,13,1287,2,0,0,0,1,0,0.14,0,0.14,0.14,0.14,2.3,2.3,0.16,0.16,14.3,6,0,50,0.42,0.17,0.33,0.19,-0.3,-0.3
Adam Armstrong,ENG,FW/MF,Southampton,27,1994,19,14,1189,2,2,0,1,4,0,0.15,0.15,0.3,0.15,0.3,3.2,2.3,0.24,0.17,13.2,6,0,26.1,0.45,0.09,0.33,0.1,-1.2,-0.3
Harrison Armstrong,ENG,MF,Everton,18,2003,3,0,48,0,0,0,0,1,0,0,0,0,0,0,0.4,0.4,0.69,0.69,0.5,0,0,0,0,0,0,0.37,-0.4,-0.4
Kepa Arrizabalaga,ESP,GK,Bournemouth,30,1991,15,15,1350,0,0,0,0,2,0,0,0,0,0,0,0,0,0,0,15,0,0,0,0,0,0,0,0,0
Brandon Austin,ENG,GK,Tottenham,26,1995,1,1,90,0,0,0,0,0,0,0,0,0,0,0,0,0,0,0,1,0,0,0,0,0,0,0,0,0
Taiwo Awoniyi,NGA,FW,Nott'ham Forest,27,1994,17,2,236,1,0,0,0,0,0,0.38,0,0.38,0.38,0.38,1.7,1.7,0.63,0.63,2.6,3,0,37.5,1.14,0.13,0.33,0.21,-0.7,-0.7
Yasin Ayari,SWE,MF,Brighton,21,2000,19,13,1193,0,0,0,0,3,0,0,0,0,0,0,1.3,1.3,0.09,0.09,13.3,5,1,33.3,0.38,0,0,0.08,-1.3,-1.3
Jordan Ayew,GHA,FW/MF,Crystal Palace,33,1988,1,0,21,0,0,0,0,1,0,0,0,0,0,0,0.5,0.5,1.96,1.96,0.2,0,0,0,0,0,0,0.46,-0.5,-0.5
Jordan Ayew,GHA,FW/MF,Leicester City,33,1988,19,11,994,4,0,1,1,4,0,0.36,0,0.36,0.27,0.27,2.6,1.9,0.24,0.17,11,7,2,33.3,0.63,0.14,0.43,0.09,1.4,1.1
Benoît Badiashile,FRA,DF,Chelsea,23,1998,4,2,249,0,0,0,0,0,0,0,0,0,0,0,0,0,0,0,2.8,0,0,0,0,0,0,0,0,0
Leon Bailey,JAM,FW/MF,Aston Villa,27,1994,18,12,925,1,2,0,0,2,0,0.1,0.19,0.29,0.1,0.29,1.3,1.3,0.12,0.12,10.3,4,1,20,0.39,0.05,0.25,0.06,-0.3,-0.3
Carlos Baleba,CMR,MF,Brighton,21,2000,19,17,1431,2,1,0,0,6,1,0.13,0.06,0.19,0.13,0.19,1.2,1.2,0.08,0.08,15.9,7,0,28,0.44,0.08,0.29,0.05,0.8,0.8
Ross Barkley,ENG,MF,Aston Villa,31,1990,16,3,554,3,1,0,0,3,0,0.49,0.16,0.65,0.49,0.65,1.7,1.7,0.27,0.27,6.2,4,0,28.6,0.65,0.21,0.75,0.12,1.3,1.3
Harvey Barnes,ENG,FW,Newcastle Utd,27,1994,20,6,782,5,1,0,0,0,0,0.58,0.12,0.69,0.58,0.69,3,3,0.34,0.34,8.7,10,0,35.7,1.15,0.18,0.5,0.11,2,2
Calvin Bassey,NGA,DF,Fulham,25,1996,21,21,1890,0,0,0,0,5,0,0,0,0,0,0,0.7,0.7,0.03,0.03,21,3,0,30,0.14,0,0,0.07,-0.7,-0.7
Jan Bednarek,POL,DF,Southampton,28,1993,18,18,1602,1,0,0,0,4,0,0.06,0,0.06,0.06,0.06,0.4,0.4,0.02,0.02,17.8,1,0,33.3,0.06,0.33,1,0.12,0.6,0.6
Jean-Ricner Bellegarde,FRA,MF/FW,Wolves,26,1995,19,10,827,1,2,0,0,3,0,0.11,0.22,0.33,0.11,0.33,0.8,0.8,0.08,0.08,9.2,2,1,16.7,0.22,0.08,0.5,0.06,0.2,0.2
Rodrigo Bentancur,URU,MF,Tottenham,27,1994,12,9,688,2,0,0,0,5,0,0.26,0,0.26,0.26,0.26,0.8,0.8,0.1,0.1,7.6,3,0,23.1,0.39,0.15,0.67,0.06,1.2,1.2
Sander Berge,NOR,MF,Fulham,26,1995,15,11,1047,0,0,0,0,2,0,0,0,0,0,0,0.1,0.1,0.01,0.01,11.6,0,0,0,0,0,0,0.08,-0.1,-0.1
Lucas Bergvall,SWE,MF,Tottenham,18,2003,15,4,472,0,0,0,0,3,0,0,0,0,0,0,0.1,0.1,0.02,0.02,5.2,0,0,0,0,0,0,0.04,-0.1,-0.1
Victor Bernth Kristiansen,DEN,DF,Leicester City,22,1999,19,19,1667,0,1,0,0,1,0,0,0.05,0.05,0,0.05,0.3,0.3,0.02,0.02,18.5,0,0,0,0,0,0,0.28,-0.3,-0.3
Beto,GNB,FW/MF,Everton,26,1995,13,1,239,1,0,0,0,1,0,0.38,0,0.38,0.38,0.38,1.7,1.7,0.62,0.62,2.7,4,0,36.4,1.51,0.09,0.25,0.15,-0.7,-0.7
Philip Billing,DEN,MF,Bournemouth,28,1993,10,1,184,0,0,0,0,1,0,0,0,0,0,0,0.6,0.6,0.28,0.28,2,1,0,20,0.49,0,0,0.11,-0.6,-0.6
Yves Bissouma,MLI,MF,Tottenham,28,1993,17,11,969,2,0,0,0,5,0,0.19,0,0.19,0.19,0.19,0.4,0.4,0.03,0.03,10.8,2,0,40,0.19,0.4,1,0.07,1.6,1.6
Lamare Bogarde,NED,DF/MF,Aston Villa,21,2000,4,3,267,0,0,0,0,1,0,0,0,0,0,0,0,0,0.01,0.01,3,1,0,100,0.34,0,0,0.04,0,0
Willy Boly,CIV,DF,Nott'ham Forest,33,1988,4,1,115,0,0,0,0,1,0,0,0,0,0,0,0.1,0.1,0.06,0.06,1.3,1,0,100,0.78,0,0,0.07,-0.1,-0.1
Sven Botman,NED,DF,Newcastle Utd,25,1996,3,3,224,0,0,0,0,1,0,0,0,0,0,0,0,0,0.01,0.01,2.5,0,0,0,0,0,0,0.03,0,0
Jarrod Bowen,ENG,FW/MF,West Ham,28,1993,19,19,1655,5,4,1,1,1,0,0.27,0.22,0.49,0.22,0.44,4.7,3.9,0.25,0.21,18.4,20,0,40.8,1.09,0.08,0.2,0.08,0.3,0.1
Conor Bradley,NIR,DF,Liverpool,21,2000,8,1,241,0,0,0,0,1,0,0,0,0,0,0,0.4,0.4,0.17,0.17,2.7,3,0,50,1.12,0,0,0.08,-0.4,-0.4
Jarrad Branthwaite,ENG,DF,Everton,22,1999,14,12,1088,0,0,0,0,3,0,0,0,0,0,0,0.3,0.3,0.03,0.03,12.1,1,0,25,0.08,0,0,0.08,-0.3,-0.3
James Bree,ENG,DF,Southampton,27,1994,9,6,488,0,0,0,0,0,0,0,0,0,0,0,0,0,0.01,0.01,5.4,1,0,100,0.18,0,0,0.04,0,0
Ben Brereton,CHI,FW,Southampton,25,1996,10,4,449,0,0,0,0,1,0,0,0,0,0,0,0.9,0.9,0.18,0.18,5,1,0,9.1,0.2,0,0,0.08,-0.9,-0.9
Nathan Broadhead,WAL,MF/FW,Ipswich Town,26,1995,7,3,306,0,0,0,0,1,0,0,0,0,0,0,0.7,0.7,0.2,0.2,3.4,4,0,66.7,1.18,0,0,0.11,-0.7,-0.7
Armando Broja,ALB,FW,Everton,23,1998,5,2,159,0,0,0,0,1,0,0,0,0,0,0,0.1,0.1,0.06,0.06,1.8,0,0,0,0,0,0,0.03,-0.1,-0.1
David Brooks,WAL,FW,Bournemouth,27,1994,15,4,428,2,0,0,0,3,0,0.42,0,0.42,0.42,0.42,1.6,1.6,0.33,0.33,4.8,9,0,56.3,1.89,0.13,0.22,0.1,0.4,0.4
Emi Buendía,ARG,MF/FW,Aston Villa,28,1993,11,0,80,0,0,0,0,1,0,0,0,0,0,0,0.6,0.6,0.72,0.72,0.9,0,1,0,0,0,0,0.16,-0.6,-0.6
Santiago Bueno,URU,DF,Wolves,26,1995,14,13,1151,0,0,0,0,0,0,0,0,0,0,0,0.4,0.4,0.03,0.03,12.8,3,0,50,0.23,0,0,0.07,-0.4,-0.4
Facundo Buonanotte,ARG,FW/MF,Leicester City,20,2001,19,12,1132,4,2,0,0,5,0,0.32,0.16,0.48,0.32,0.48,3.2,3.2,0.26,0.26,12.6,10,0,41.7,0.8,0.17,0.4,0.13,0.8,0.8
Cameron Burgess,AUS,DF,Ipswich Town,29,1992,10,10,900,0,1,0,0,0,0,0,0.1,0.1,0,0.1,0.7,0.7,0.07,0.07,10,1,0,11.1,0.1,0,0,0.08,-0.7,-0.7
Dan Burn,ENG,DF,Newcastle Utd,32,1989,21,21,1890,0,0,0,0,6,0,0,0,0,0,0,0.8,0.8,0.04,0.04,21,3,0,25,0.14,0,0,0.07,-0.8,-0.8
Wes Burns,WAL,FW/DF,Ipswich Town,30,1991,17,11,898,0,1,0,0,1,0,0,0.1,0.1,0,0.1,0.5,0.5,0.05,0.05,10,1,0,14.3,0.1,0,0,0.07,-0.5,-0.5
Moisés Caicedo,ECU,MF/DF,Chelsea,23,1998,21,21,1855,1,2,0,0,4,0,0.05,0.1,0.15,0.05,0.15,0.5,0.5,0.03,0.03,20.6,2,0,18.2,0.1,0.09,0.5,0.05,0.5,0.5
Tom Cairney,SCO,MF,Fulham,34,1987,16,2,388,1,0,0,0,2,1,0.23,0,0.23,0.23,0.23,0.1,0.1,0.03,0.03,4.3,1,1,25,0.23,0.25,1,0.04,0.9,0.9
Jens Cajuste,SWE,MF,Ipswich Town,25,1996,16,13,966,0,0,0,0,2,0,0,0,0,0,0,0.1,0.1,0.01,0.01,10.7,0,0,0,0,0,0,0.04,-0.1,-0.1
Riccardo Calafiori,ITA,DF,Arsenal,22,1999,11,8,707,1,1,0,0,3,0,0.13,0.13,0.25,0.13,0.25,0.6,0.6,0.07,0.07,7.9,4,0,66.7,0.51,0.17,0.25,0.09,0.4,0.4
Dominic Calvert-Lewin,ENG,FW,Everton,27,1994,21,18,1562,3,1,0,0,2,0,0.17,0.06,0.23,0.17,0.23,6.1,6.1,0.35,0.35,17.4,17,0,37,0.98,0.07,0.18,0.13,-3.1,-3.1
Diego Carlos,BRA,DF,Aston Villa,31,1990,10,8,830,0,0,0,0,1,0,0,0,0,0,0,0.6,0.6,0.07,0.07,9.2,1,0,25,0.11,0,0,0.16,-0.6,-0.6
Fabio Carvalho,POR,FW/MF,Brentford,22,1999,16,3,428,1,1,0,0,1,0,0.21,0.21,0.42,0.21,0.42,2.1,2.1,0.45,0.45,4.8,4,0,40,0.84,0.1,0.25,0.21,-1.1,-1.1
Casemiro,BRA,MF,Manchester Utd,32,1989,14,10,837,1,0,0,0,1,0,0.11,0,0.11,0.11,0.11,1.1,1.1,0.12,0.12,9.3,5,0,27.8,0.54,0.06,0.2,0.06,-0.1,-0.1
Kaelan Casey,ENG,DF,West Ham,20,2001,1,0,1,0,0,0,0,0,0,0,0,0,0,0,0,0,0,0,0,0,0,0,0,0,0,0,0,0
Matty Cash,POL,DF,Aston Villa,27,1994,15,14,1168,1,1,0,0,5,0,0.08,0.08,0.15,0.08,0.15,0.2,0.2,0.02,0.02,13,3,0,50,0.23,0.17,0.33,0.04,0.8,0.8
Timothy Castagne,BEL,DF,Fulham,29,1992,12,7,723,0,1,0,0,1,0,0,0.12,0.12,0,0.12,0.1,0.1,0.01,0.01,8,2,0,50,0.25,0,0,0.03,-0.1,-0.1
Trevoh Chalobah,ENG,DF,Crystal Palace,25,1996,12,12,1060,3,0,0,0,1,0,0.25,0,0.25,0.25,0.25,1.2,1.2,0.1,0.1,11.8,4,0,36.4,0.34,0.27,0.75,0.11,1.8,1.8
Conor Chaplin,ENG,MF/FW,Ipswich Town,27,1994,15,7,614,1,1,0,0,1,0,0.15,0.15,0.29,0.15,0.29,1.2,1.2,0.17,0.17,6.8,3,0,25,0.44,0.08,0.33,0.1,-0.2,-0.2
Federico Chiesa,ITA,FW,Liverpool,27,1994,2,0,23,0,0,0,0,0,0,0,0,0,0,0,0.2,0.2,0.63,0.63,0.3,1,0,50,3.91,0,0,0.08,-0.2,-0.2
Chiquinho,POR,MF,Wolves,24,1997,1,0,7,0,0,0,0,0,0,0,0,0,0,0,0,0,0,0,0.1,0,0,0,0,0,0,0,0,0
Hamza Choudhury,ENG,MF/DF,Leicester City,27,1994,4,1,131,0,0,0,0,0,0,0,0,0,0,0,0,0,0,0,1.5,0,0,0,0,0,0,0,0,0
Ryan Christie,SCO,MF,Bournemouth,29,1992,21,19,1584,1,2,0,0,8,0,0.06,0.11,0.17,0.06,0.17,1.3,1.3,0.07,0.07,17.6,7,0,33.3,0.4,0.05,0.14,0.06,-0.3,-0.3
Harry Clarke,ENG,DF,Ipswich Town,23,1998,7,4,379,0,0,0,0,3,1,0,0,0,0,0,0.1,0.1,0.02,0.02,4.2,1,0,100,0.24,0,0,0.08,-0.1,-0.1
Jack Clarke,ENG,FW/MF,Ipswich Town,24,1997,18,5,605,0,2,0,0,1,0,0,0.3,0.3,0,0.3,0.8,0.8,0.12,0.12,6.7,1,0,9.1,0.15,0,0,0.08,-0.8,-0.8
Nathaniel Clyne,ENG,DF/MF,Crystal Palace,33,1988,10,4,394,0,0,0,0,1,0,0,0,0,0,0,0,0,0,0,4.4,0,0,0,0,0,0,0.01,0,0
Conor Coady,ENG,DF,Leicester City,31,1990,9,8,712,0,0,0,0,1,0,0,0,0,0,0,0,0,0,0,7.9,0,0,0,0,0,0,0,0,0
Séamus Coleman,IRL,DF,Everton,36,1985,3,2,197,0,0,0,0,1,0,0,0,0,0,0,0.6,0.6,0.26,0.26,2.2,1,0,100,0.46,0,0,0.57,-0.6,-0.6
Nathan Collins,IRL,DF,Brentford,23,1998,22,22,1980,2,1,0,0,2,0,0.09,0.05,0.14,0.09,0.14,2.2,2.2,0.1,0.1,22,5,0,41.7,0.23,0.17,0.4,0.18,-0.2,-0.2
Toby Collyer,ENG,MF,Manchester Utd,21,2000,3,0,109,0,0,0,0,0,0,0,0,0,0,0,0,0,0,0,1.2,0,0,0,0,0,0,0,0,0
Levi Colwill,ENG,DF,Chelsea,21,2000,20,20,1799,0,1,0,0,5,0,0,0.05,0.05,0,0.05,0.4,0.4,0.02,0.02,20,1,0,20,0.05,0,0,0.08,-0.4,-0.4
Lewis Cook,ENG,MF/DF,Bournemouth,27,1994,21,19,1762,1,3,0,0,4,0,0.05,0.15,0.2,0.05,0.2,0.6,0.6,0.03,0.03,19.6,2,1,20,0.1,0.1,0.5,0.06,0.4,0.4
Maxwel Cornet,CIV,FW,Southampton,28,1993,2,1,72,0,0,0,0,1,0,0,0,0,0,0,0.2,0.2,0.2,0.2,0.8,0,0,0,0,0,0,0.16,-0.2,-0.2
Vladimír Coufal,CZE,DF,West Ham,32,1989,13,6,575,0,0,0,0,2,0,0,0,0,0,0,0.2,0.2,0.03,0.03,6.4,1,0,25,0.16,0,0,0.05,-0.2,-0.2
Aaron Cresswell,ENG,DF,West Ham,35,1986,8,1,120,0,0,0,0,1,0,0,0,0,0,0,0,0,0.03,0.03,1.3,0,1,0,0,0,0,0.03,0,0
Marc Cucurella,ESP,DF,Chelsea,26,1995,19,17,1534,1,1,0,0,8,1,0.06,0.06,0.12,0.06,0.12,0.6,0.6,0.03,0.03,17,2,0,22.2,0.12,0.11,0.5,0.06,0.4,0.4
Jorge Cuenca,ESP,DF,Fulham,25,1996,4,1,93,0,0,0,0,0,0,0,0,0,0,0,0,0,0,0,1,0,0,0,0,0,0,0,0,0
Matheus Cunha,BRA,MF/FW,Wolves,25,1996,20,18,1605,10,4,0,0,2,0,0.56,0.22,0.79,0.56,0.79,4.4,4.4,0.25,0.25,17.8,23,5,39.7,1.29,0.17,0.43,0.08,5.6,5.6
Patson Daka,ZAM,FW/MF,Leicester City,26,1995,10,1,262,1,0,0,0,0,0,0.34,0,0.34,0.34,0.34,0.5,0.5,0.16,0.16,2.9,1,0,14.3,0.34,0.14,1,0.07,0.5,0.5
Diogo Dalot,POR,DF,Manchester Utd,25,1996,21,21,1856,0,1,0,0,4,0,0,0.05,0.05,0,0.05,1.3,1.3,0.06,0.06,20.6,4,0,26.7,0.19,0,0,0.08,-1.3,-1.3
Mikkel Damsgaard,DEN,MF/FW,Brentford,24,1997,22,19,1614,2,6,0,0,1,0,0.11,0.33,0.45,0.11,0.45,1.9,1.9,0.1,0.1,17.9,7,2,35,0.39,0.1,0.29,0.09,0.1,0.1
Danilo,BRA,MF,Nott'ham Forest,23,1998,1,1,14,0,0,0,0,0,0,0,0,0,0,0,0,0,0,0,0.2,0,0,0,0,0,0,0,0,0
Ben Davies,WAL,DF,Tottenham,31,1990,5,4,361,0,0,0,0,1,0,0,0,0,0,0,0,0,0,0,4,0,0,0,0,0,0,0,0,0
Leif Davis,ENG,DF,Ipswich Town,25,1996,22,22,1980,1,2,0,0,5,0,0.05,0.09,0.14,0.05,0.14,0.7,0.7,0.03,0.03,22,2,1,18.2,0.09,0.09,0.5,0.07,0.3,0.3
Craig Dawson,ENG,DF,Wolves,34,1987,15,10,971,0,0,0,0,2,0,0,0,0,0,0,0.5,0.5,0.05,0.05,10.8,1,0,20,0.09,0,0,0.1,-0.5,-0.5
Kevin De Bruyne,BEL,MF,Manchester City,33,1988,15,11,975,2,6,0,0,2,0,0.18,0.55,0.74,0.18,0.74,2.5,2.5,0.23,0.23,10.8,8,4,24.2,0.74,0.06,0.25,0.08,-0.5,-0.5
Liam Delap,ENG,FW,Ipswich Town,21,2000,21,20,1596,8,2,2,2,6,0,0.45,0.11,0.56,0.34,0.45,6.4,4.8,0.36,0.27,17.7,17,0,48.6,0.96,0.17,0.35,0.14,1.6,1.2
Sepp van den Berg,NED,DF,Brentford,23,1998,18,17,1518,0,0,0,0,1,0,0,0,0,0,0,0.7,0.7,0.04,0.04,16.9,3,0,30,0.18,0,0,0.07,-0.7,-0.7
Justin Devenny,NIR,MF,Crystal Palace,21,2000,10,2,267,1,0,0,0,0,0,0.34,0,0.34,0.34,0.34,0.5,0.5,0.16,0.16,3,2,1,40,0.67,0.2,0.5,0.09,0.5,0.5
Kiernan Dewsbury-Hall,ENG,MF,Chelsea,26,1995,5,0,59,0,0,0,0,0,0,0,0,0,0,0,0,0,0,0,0.7,0,0,0,0,0,0,0,0,0
Amad Diallo,CIV,FW/MF,Manchester Utd,22,1999,20,15,1414,6,6,0,0,3,0,0.38,0.38,0.76,0.38,0.76,4,4,0.25,0.25,15.7,13,0,33.3,0.83,0.15,0.46,0.1,2,2
Rúben Dias,POR,DF,Manchester City,27,1994,14,13,1177,0,0,0,0,3,0,0,0,0,0,0,1.1,1.1,0.08,0.08,13.1,3,0,23.1,0.23,0,0,0.08,-1.1,-1.1
Luis Díaz,COL,FW,Liverpool,28,1993,20,15,1254,8,2,0,0,2,0,0.57,0.14,0.72,0.57,0.72,6.1,6.1,0.44,0.44,13.9,19,0,43.2,1.36,0.18,0.42,0.14,1.9,1.9
Tyler Dibling,ENG,FW/MF,Southampton,18,2003,20,14,1230,2,0,0,0,6,0,0.15,0,0.15,0.15,0.15,2.1,2.1,0.15,0.15,13.7,9,0,39.1,0.66,0.09,0.22,0.09,-0.1,-0.1
Lucas Digne,FRA,DF,Aston Villa,31,1990,22,19,1637,0,3,0,0,3,0,0,0.16,0.16,0,0.16,0.7,0.7,0.04,0.04,18.2,3,4,30,0.16,0,0,0.07,-0.7,-0.7
Issa Diop,FRA,DF,Fulham,28,1993,16,12,1069,0,0,0,0,2,0,0,0,0,0,0,0.5,0.5,0.05,0.05,11.9,2,0,40,0.17,0,0,0.11,-0.5,-0.5
Axel Disasi,FRA,DF,Chelsea,26,1995,5,4,350,1,0,0,0,1,0,0.26,0,0.26,0.26,0.26,0.3,0.3,0.07,0.07,3.9,1,0,50,0.26,0.5,1,0.14,0.7,0.7
Roman Dixon,ENG,DF,Everton,20,2001,1,1,90,0,0,0,0,0,0,0,0,0,0,0,0,0,0,0,1,0,0,0,0,0,0,0,0,0
Matt Doherty,IRL,DF,Wolves,33,1988,14,10,894,1,1,0,0,3,0,0.1,0.1,0.2,0.1,0.2,0.6,0.6,0.06,0.06,9.9,2,0,28.6,0.2,0.14,0.5,0.09,0.4,0.4
Jeremy Doku,BEL,FW/MF,Manchester City,22,1999,15,9,789,3,4,0,0,0,0,0.34,0.46,0.8,0.34,0.8,0.8,0.8,0.09,0.09,8.8,6,0,35.3,0.68,0.18,0.5,0.04,2.2,2.2
Nicolás Domínguez,ARG,MF/FW,Nott'ham Forest,26,1995,19,12,1053,0,0,0,0,6,0,0,0,0,0,0,1.2,1.2,0.11,0.11,11.7,4,0,30.8,0.34,0,0,0.1,-1.2,-1.2
Alfie Dorrington,ENG,DF,Tottenham,19,2002,1,0,14,0,0,0,0,0,0,0,0,0,0,0,0,0,0,0,0.2,0,0,0,0,0,0,0,0,0
Abdoulaye Doucouré,MLI,MF,Everton,32,1989,19,18,1515,0,0,0,0,2,0,0,0,0,0,0,0.9,0.9,0.05,0.05,16.8,2,0,18.2,0.12,0,0,0.08,-0.9,-0.9
Cheick Doucouré,MLI,MF,Crystal Palace,25,1996,13,4,452,0,0,0,0,1,0,0,0,0,0,0,0.4,0.4,0.08,0.08,5,0,0,0,0,0,0,0.06,-0.4,-0.4
Flynn Downes,ENG,MF,Southampton,26,1995,18,17,1432,1,0,0,0,9,0,0.06,0,0.06,0.06,0.06,0.6,0.6,0.04,0.04,15.9,3,0,33.3,0.19,0.11,0.33,0.07,0.4,0.4
Tommy Doyle,ENG,MF,Wolves,23,1998,17,3,440,0,1,0,0,1,0,0,0.2,0.2,0,0.2,0.5,0.5,0.1,0.1,4.9,2,0,25,0.41,0,0,0.06,-0.5,-0.5
Radu Drăgușin,ROU,DF,Tottenham,22,1999,15,13,1162,0,0,0,0,1,0,0,0,0,0,0,0.1,0.1,0.01,0.01,12.9,1,0,25,0.08,0,0,0.02,-0.1,-0.1
Martin Dúbravka,SVK,GK,Newcastle Utd,36,1985,7,7,630,0,0,0,0,0,0,0,0,0,0,0,0,0,0,0,7,0,0,0,0,0,0,0,0,0
Lewis Dunk,ENG,DF,Brighton,33,1988,17,15,1382,0,0,0,0,4,0,0,0,0,0,0,0.7,0.7,0.04,0.04,15.4,2,1,20,0.13,0,0,0.07,-0.7,-0.7
Jhon Durán,COL,FW,Aston Villa,21,2000,19,4,613,7,0,0,0,3,1,1.03,0,1.03,1.03,1.03,4.8,4.8,0.7,0.7,6.8,15,0,51.7,2.2,0.24,0.47,0.16,2.2,2.2
Ederson,BRA,GK,Manchester City,31,1990,14,14,1260,0,1,0,0,3,0,0,0.07,0.07,0,0.07,0,0,0,0,14,0,0,0,0,0,0,0,0,0
George Edmundson,ENG,DF,Ipswich Town,27,1994,1,0,2,0,0,0,0,0,0,0,0,0,0,0,0,0,0,0,0,0,0,0,0,0,0,0,0,0
Odsonne Édouard,FRA,MF/FW,Crystal Palace,27,1994,2,1,115,0,0,0,0,0,0,0,0,0,0,0,0.4,0.4,0.31,0.31,1.3,1,0,20,0.78,0,0,0.08,-0.4,-0.4
Odsonne Édouard,FRA,FW,Leicester City,27,1994,4,0,29,0,0,0,0,0,0,0,0,0,0,0,0,0,0,0,0.3,0,0,0,0,0,0,0,0,0
Samuel Edozie,ENG,DF/FW,Southampton,21,2000,2,0,65,0,0,0,0,1,0,0,0,0,0,0,0,0,0,0,0.7,0,0,0,0,0,0,0,0,0
Ronnie Edwards,ENG,DF,Southampton,21,2000,1,0,12,0,0,0,0,0,0,0,0,0,0,0,0,0,0,0,0.1,0,0,0,0,0,0,0,0,0
Anthony Elanga,SWE,FW/MF,Nott'ham Forest,22,1999,22,16,1279,3,5,0,0,1,0,0.21,0.35,0.56,0.21,0.56,2.2,2.2,0.15,0.15,14.2,11,2,52.4,0.77,0.14,0.27,0.1,0.8,0.8
Harvey Elliott,ENG,MF/FW,Liverpool,21,2000,8,0,59,0,1,0,0,0,0,0,1.53,1.53,0,1.53,0,0,0.06,0.06,0.7,0,0,0,0,0,0,0.04,0,0
Yunus Emre Konak,TUR,MF/FW,Brentford,19,2002,5,0,21,0,0,0,0,0,0,0,0,0,0,0,0.2,0.2,0.66,0.66,0.2,0,0,0,0,0,0,0.15,-0.2,-0.2
Julio Enciso,PAR,MF/FW,Brighton,20,2001,12,2,294,0,0,0,0,0,0,0,0,0,0,0,1,1,0.31,0.31,3.3,11,1,55,3.37,0,0,0.05,-1,-1
Wataru Endo,JPN,MF,Liverpool,31,1990,8,0,60,0,0,0,0,0,0,0,0,0,0,0,0,0,0,0,0.7,0,0,0,0,0,0,0,0,0
Christian Eriksen,DEN,MF,Manchester Utd,32,1989,12,7,633,0,1,0,0,2,0,0,0.14,0.14,0,0.14,0.1,0.1,0.02,0.02,7,0,0,0,0,0,0,0.04,-0.1,-0.1
Pervis Estupiñán,ECU,DF,Brighton,26,1995,18,15,1417,0,1,0,0,3,0,0,0.06,0.06,0,0.06,0.6,0.6,0.04,0.04,15.7,4,2,28.6,0.25,0,0,0.04,-0.6,-0.6
Evanilson,BRA,FW,Bournemouth,25,1996,19,17,1370,5,0,0,1,0,0,0.33,0,0.33,0.33,0.33,6.6,5.8,0.43,0.38,15.2,20,0,47.6,1.31,0.12,0.25,0.14,-1.6,-0.8
Jonny Evans,NIR,DF,Manchester Utd,37,1984,6,3,290,0,0,0,0,1,0,0,0,0,0,0,0.1,0.1,0.03,0.03,3.2,0,0,0,0,0,0,0.1,-0.1,-0.1
Eberechi Eze,ENG,MF/FW,Crystal Palace,26,1995,18,18,1491,2,5,0,0,1,0,0.12,0.3,0.42,0.12,0.42,4.6,4.6,0.28,0.28,16.6,18,8,30,1.09,0.03,0.11,0.08,-2.6,-2.6
Łukasz Fabiański,POL,GK,West Ham,39,1982,13,12,1070,0,0,0,0,2,0,0,0,0,0,0,0,0,0,0,11.9,0,0,0,0,0,0,0,0,0
Wout Faes,BEL,DF,Leicester City,26,1995,19,15,1465,1,0,0,0,3,0,0.06,0,0.06,0.06,0.06,0.9,0.9,0.06,0.06,16.3,1,0,14.3,0.06,0.14,1,0.13,0.1,0.1
Abdul Fatawu Issahaku,GHA,FW,Leicester City,20,2001,11,6,579,0,2,0,0,0,0,0,0.31,0.31,0,0.31,0.4,0.4,0.06,0.06,6.4,5,0,38.5,0.78,0,0,0.03,-0.4,-0.4
João Félix,POR,FW/MF,Chelsea,25,1996,11,3,362,1,1,0,0,2,0,0.25,0.25,0.5,0.25,0.5,2.2,2.2,0.55,0.55,4,5,0,25,1.24,0.05,0.2,0.11,-1.2,-1.2
Evan Ferguson,IRL,FW,Brighton,20,2001,12,2,228,1,0,0,0,0,0,0.39,0,0.39,0.39,0.39,0.5,0.5,0.21,0.21,2.5,2,1,28.6,0.79,0.14,0.5,0.08,0.5,0.5
Bruno Fernandes,POR,MF/FW,Manchester Utd,30,1991,21,21,1745,5,6,3,3,3,2,0.26,0.31,0.57,0.1,0.41,7.6,5.2,0.39,0.27,19.4,14,6,24.6,0.72,0.04,0.14,0.09,-2.6,-3.2
Mateus Fernandes,POR,MF,Southampton,20,2001,20,18,1559,1,2,0,0,6,0,0.06,0.12,0.17,0.06,0.17,2.9,2.9,0.17,0.17,17.3,9,3,40.9,0.52,0.05,0.11,0.13,-1.9,-1.9
Enzo Fernández,ARG,MF,Chelsea,24,1997,20,16,1512,3,4,0,0,3,0,0.18,0.24,0.42,0.18,0.42,2.3,2.3,0.14,0.14,16.8,9,2,37.5,0.54,0.13,0.33,0.09,0.7,0.7
Mark Flekken,NED,GK,Brentford,31,1990,22,22,1925,0,1,0,0,1,0,0,0.05,0.05,0,0.05,0,0,0,0,21.4,0,0,0,0,0,0,0,0,0
Phil Foden,ENG,MF/FW,Manchester City,24,1997,17,13,1203,6,2,0,0,2,0,0.45,0.15,0.6,0.45,0.6,4.1,4.1,0.31,0.31,13.4,13,1,31,0.97,0.14,0.46,0.1,1.9,1.9
Wesley Fofana,FRA,DF,Chelsea,24,1997,12,12,1015,0,0,0,0,6,0,0,0,0,0,0,0.4,0.4,0.04,0.04,11.3,0,0,0,0,0,0,0.2,-0.4,-0.4
Carlos Forbs,POR,MF/FW,Wolves,20,2001,9,1,237,0,0,0,0,2,0,0,0,0,0,0,0.1,0.1,0.05,0.05,2.6,0,0,0,0,0,0,0.07,-0.1,-0.1
Fraser Forster,ENG,GK,Tottenham,36,1985,7,7,630,0,0,0,0,0,0,0,0,0,0,0,0,0,0,0,7,0,0,0,0,0,0,0,0,0
Ryan Fraser,SCO,FW/DF,Southampton,30,1991,7,4,303,0,0,0,0,0,1,0,0,0,0,0,0,0,0.01,0.01,3.4,1,0,100,0.3,0,0,0.03,0,0
Niclas Füllkrug,GER,FW,West Ham,31,1990,9,3,370,2,1,0,0,1,0,0.49,0.24,0.73,0.49,0.73,1.4,1.4,0.35,0.35,4.1,3,0,37.5,0.73,0.25,0.67,0.18,0.6,0.6
Cody Gakpo,NED,FW,Liverpool,25,1996,21,13,1166,6,2,0,0,4,0,0.46,0.15,0.62,0.46,0.62,4.4,4.4,0.34,0.34,13,14,0,36.8,1.08,0.16,0.43,0.11,1.6,1.6
Idrissa Gana Gueye,SEN,MF,Everton,35,1986,20,18,1577,0,2,0,0,4,0,0,0.11,0.11,0,0.11,0.8,0.8,0.05,0.05,17.5,3,0,15.8,0.17,0,0,0.04,-0.8,-0.8
Alejandro Garnacho,ARG,FW/MF,Manchester Utd,20,2001,21,11,1151,3,1,0,0,1,0,0.23,0.08,0.31,0.23,0.31,4.8,4.8,0.38,0.38,12.8,19,0,39.6,1.49,0.06,0.16,0.1,-1.8,-1.8
James Garner,ENG,DF/MF,Everton,23,1998,4,2,253,0,0,0,0,1,0,0,0,0,0,0,0,0,0.02,0.02,2.8,0,1,0,0,0,0,0.02,0,0
Morgan Gibbs-White,ENG,MF,Nott'ham Forest,24,1997,18,18,1421,4,4,0,0,7,1,0.25,0.25,0.51,0.25,0.51,2.8,2.8,0.18,0.18,15.8,14,3,48.3,0.89,0.14,0.29,0.1,1.2,1.2
Billy Gilmour,SCO,MF,Brighton,23,1998,2,1,98,0,0,0,0,0,0,0,0,0,0,0,0.1,0.1,0.07,0.07,1.1,0,1,0,0,0,0,0.08,-0.1,-0.1
Ben Godfrey,ENG,DF,Ipswich Town,27,1994,1,1,63,0,0,0,0,0,0,0,0,0,0,0,0,0,0,0,0.7,0,0,0,0,0,0,0,0,0
Martial Godo,ENG,FW,Fulham,21,2000,1,0,16,0,0,0,0,0,0,0,0,0,0,0,0,0,0,0,0.2,0,0,0,0,0,0,0,0,0
João Gomes,BRA,MF,Wolves,23,1998,20,20,1693,2,1,0,0,6,0,0.11,0.05,0.16,0.11,0.16,1.6,1.6,0.08,0.08,18.8,6,0,35.3,0.32,0.12,0.33,0.09,0.4,0.4
Rodrigo Gomes,POR,DF/FW,Wolves,21,2000,14,6,530,1,0,0,0,0,0,0.17,0,0.17,0.17,0.17,0.4,0.4,0.06,0.06,5.9,2,0,50,0.34,0.25,0.5,0.09,0.6,0.6
Toti Gomes,POR,DF,Wolves,26,1995,16,15,1264,0,1,0,0,4,0,0,0.07,0.07,0,0.07,0,0,0,0,14,0,0,0,0,0,0,0.01,0,0
Diego Gómez,PAR,MF,Brighton,21,2000,1,0,1,0,0,0,0,0,0,0,0,0,0,0,0,0,0,0,0,0,0,0,0,0,0,0,0,0
Joe Gomez,ENG,DF,Liverpool,27,1994,9,6,519,0,0,0,0,1,0,0,0,0,0,0,0.3,0.3,0.06,0.06,5.8,2,0,66.7,0.35,0,0,0.11,-0.3,-0.3
Anthony Gordon,ENG,FW,Newcastle Utd,23,1998,21,20,1679,6,4,1,2,1,0,0.32,0.21,0.54,0.27,0.48,7.2,5.6,0.39,0.3,18.7,15,0,33.3,0.8,0.11,0.33,0.12,-1.2,-0.6
Ryan Gravenberch,NED,MF,Liverpool,22,1999,21,21,1828,0,2,0,0,4,0,0,0.1,0.1,0,0.1,0.8,0.8,0.04,0.04,20.3,3,0,25,0.15,0,0,0.07,-0.8,-0.8
Archie Gray,ENG,DF,Tottenham,18,2003,15,8,783,0,0,0,0,0,0,0,0,0,0,0,0,0,0,0,8.7,1,0,100,0.11,0,0,0.02,0,0
Jack Grealish,ENG,FW/MF,Manchester City,29,1992,15,6,608,0,1,0,0,3,0,0,0.15,0.15,0,0.15,0.8,0.8,0.12,0.12,6.8,4,0,30.8,0.59,0,0,0.06,-0.8,-0.8
Jacob Greaves,ENG,DF,Ipswich Town,24,1997,12,12,1080,0,0,0,0,2,0,0,0,0,0,0,0.4,0.4,0.04,0.04,12,2,0,33.3,0.17,0,0,0.07,-0.4,-0.4
Brajan Gruda,GER,FW/MF,Brighton,20,2001,10,4,322,0,0,0,0,0,0,0,0,0,0,0,0.3,0.3,0.08,0.08,3.6,2,2,66.7,0.56,0,0,0.1,-0.3,-0.3
Gonçalo Guedes,POR,MF/FW,Wolves,28,1993,18,5,602,2,4,0,0,1,0,0.3,0.6,0.9,0.3,0.9,1.1,1.1,0.16,0.16,6.7,6,0,42.9,0.9,0.14,0.33,0.08,0.9,0.9
Marc Guéhi,ENG,DF,Crystal Palace,24,1997,21,21,1890,3,1,0,0,5,0,0.14,0.05,0.19,0.14,0.19,1.5,1.5,0.07,0.07,21,5,0,50,0.24,0.3,0.6,0.15,1.5,1.5
Luis Guilherme,BRA,MF/FW,West Ham,18,2003,5,0,50,0,0,0,0,0,0,0,0,0,0,0,0,0,0.06,0.06,0.6,0,0,0,0,0,0,0.03,0,0
Bruno Guimarães,BRA,MF,Newcastle Utd,27,1994,22,22,1923,2,6,0,0,3,0,0.09,0.28,0.37,0.09,0.37,2.2,2.2,0.1,0.1,21.4,6,0,22.2,0.28,0.07,0.33,0.08,-0.2,-0.2
Marc Guiu,ESP,FW,Chelsea,19,2002,2,0,34,0,0,0,0,0,0,0,0,0,0,0,0,0,0,0,0.4,0,0,0,0,0,0,0,0,0
İlkay Gündoğan,GER,MF,Manchester City,34,1987,20,14,1254,0,1,0,0,1,0,0,0.07,0.07,0,0.07,1.6,1.6,0.11,0.11,13.9,3,2,20,0.22,0,0,0.11,-1.6,-1.6
Malo Gusto,FRA,DF,Chelsea,21,2000,17,14,1240,0,1,0,0,3,0,0,0.07,0.07,0,0.07,1.5,1.5,0.11,0.11,13.8,2,0,11.8,0.15,0,0,0.09,-1.5,-1.5
Joško Gvardiol,CRO,DF,Manchester City,22,1999,21,20,1842,4,0,0,0,1,0,0.2,0,0.2,0.2,0.2,2.9,2.6,0.14,0.13,20.5,9,0,30,0.44,0.13,0.44,0.09,1.1,1.4
Erling Haaland,NOR,FW,Manchester City,24,1997,22,22,1944,17,1,1,2,2,0,0.79,0.05,0.83,0.74,0.79,17.5,15.9,0.81,0.74,21.6,47,1,54.7,2.18,0.19,0.34,0.19,-0.5,0.1
Lewis Hall,ENG,DF,Newcastle Utd,20,2001,22,19,1743,0,3,0,0,3,0,0,0.15,0.15,0,0.15,0.4,0.4,0.02,0.02,19.4,1,0,10,0.05,0,0,0.04,-0.4,-0.4
Ali Al Hamadi,IRQ,FW,Ipswich Town,22,1999,11,0,134,0,0,0,0,3,0,0,0,0,0,0,0.4,0.4,0.24,0.24,1.5,0,0,0,0,0,0,0.09,-0.4,-0.4
Marcus Harness,ENG,MF,Ipswich Town,28,1993,2,0,45,0,0,0,0,0,0,0,0,0,0,0,0,0,0,0,0.5,0,0,0,0,0,0,0,0,0
Jack Harrison,ENG,FW,Everton,28,1993,18,12,997,0,0,0,0,0,0,0,0,0,0,0,2.2,2.2,0.2,0.2,11.1,3,0,20,0.27,0,0,0.15,-2.2,-2.2
Taylor Harwood-Bellis,ENG,DF,Southampton,22,1999,21,20,1760,1,0,0,0,7,0,0.05,0,0.05,0.05,0.05,1.3,1.3,0.07,0.07,19.6,4,0,28.6,0.2,0.07,0.25,0.09,-0.3,-0.3
Kai Havertz,GER,FW/MF,Arsenal,25,1996,19,19,1660,8,2,0,0,4,0,0.43,0.11,0.54,0.43,0.54,8.4,8.4,0.45,0.45,18.4,18,0,40,0.98,0.18,0.44,0.19,-0.4,-0.4
Jan Paul van Hecke,NED,DF,Brighton,24,1997,20,19,1700,0,1,0,0,4,0,0,0.05,0.05,0,0.05,0.8,0.8,0.04,0.04,18.9,2,0,20,0.11,0,0,0.08,-0.8,-0.8
Hwang Hee-chan,KOR,MF/FW,Wolves,28,1993,15,5,549,2,0,0,0,0,0,0.33,0,0.33,0.33,0.33,0.8,0.8,0.13,0.13,6.1,2,0,50,0.33,0.5,1,0.2,1.2,1.2
Dean Henderson,ENG,GK,Crystal Palace,27,1994,22,22,1980,0,0,0,0,2,0,0,0,0,0,0,0,0,0,0,22,0,0,0,0,0,0,0.01,0,0
Rico Henry,ENG,DF,Brentford,27,1994,1,0,4,0,0,0,0,0,0,0,0,0,0,0,0,0,0,0,0,0,0,0,0,0,0,0,0,0
Mads Hermansen,DEN,GK,Leicester City,24,1997,16,16,1395,0,0,0,0,0,0,0,0,0,0,0,0,0,0,0,15.5,0,0,0,0,0,0,0,0,0
Son Heung-min,KOR,FW,Tottenham,32,1989,19,17,1405,6,6,0,1,0,0,0.38,0.38,0.77,0.38,0.77,5,4.2,0.32,0.27,15.6,20,1,52.6,1.28,0.16,0.3,0.11,1,1.8
James Hill,ENG,DF/MF,Bournemouth,23,1998,5,3,179,0,1,0,0,0,0,0,0.5,0.5,0,0.5,0,0,0,0,2,0,0,0,0,0,0,0.01,0,0
Jack Hinshelwood,ENG,MF/DF,Brighton,19,2002,10,10,840,1,0,0,0,2,0,0.11,0,0.11,0.11,0.11,0.7,0.7,0.08,0.08,9.3,3,0,42.9,0.32,0.14,0.33,0.11,0.3,0.3
George Hirst,ENG,FW,Ipswich Town,25,1996,10,1,205,1,1,0,0,1,0,0.44,0.44,0.88,0.44,0.88,0.8,0.8,0.34,0.34,2.3,2,0,66.7,0.88,0.33,0.5,0.26,0.2,0.2
Mason Holgate,ENG,FW/DF,Everton,28,1993,1,0,6,0,0,0,0,0,0,0,0,0,0,0,0,0,0,0,0.1,0,0,0,0,0,0,0,0,0
Callum Hudson-Odoi,ENG,FW/MF,Nott'ham Forest,24,1997,20,18,1525,3,2,0,0,1,0,0.18,0.12,0.3,0.18,0.3,1.9,1.9,0.11,0.11,16.9,10,0,37,0.59,0.11,0.3,0.07,1.1,1.1
Will Hughes,ENG,MF,Crystal Palace,29,1992,19,14,1240,0,3,0,0,7,0,0,0.22,0.22,0,0.22,0.8,0.8,0.06,0.06,13.8,1,0,8.3,0.07,0,0,0.07,-0.8,-0.8
Dean Huijsen,ESP,DF,Bournemouth,19,2002,16,11,1064,2,0,0,0,4,0,0.17,0,0.17,0.17,0.17,1.4,1.4,0.12,0.12,11.8,2,0,20,0.17,0.2,1,0.14,0.6,0.6
Omari Hutchinson,ENG,MF/FW,Ipswich Town,21,2000,20,20,1697,2,1,0,0,4,0,0.11,0.05,0.16,0.11,0.16,1.6,1.6,0.08,0.08,18.9,11,2,40.7,0.58,0.07,0.18,0.06,0.4,0.4
Rasmus Højlund,DEN,FW,Manchester Utd,21,2000,17,12,1032,2,0,0,0,1,0,0.17,0,0.17,0.17,0.17,2.4,2.4,0.21,0.21,11.5,6,0,50,0.52,0.17,0.33,0.2,-0.4,-0.4
Igor,BRA,DF,Brighton,26,1995,12,9,903,0,0,0,0,4,0,0,0,0,0,0,0,0,0,0,10,0,0,0,0,0,0,0.05,0,0
Danny Ings,ENG,FW,West Ham,32,1989,12,1,247,1,2,0,0,0,0,0.36,0.73,1.09,0.36,1.09,2.1,2.1,0.76,0.76,2.7,5,0,41.7,1.82,0.08,0.2,0.18,-1.1,-1.1
Tim Iroegbunam,ENG,MF,Everton,21,2000,6,4,383,0,0,0,0,2,0,0,0,0,0,0,0.2,0.2,0.05,0.05,4.3,0,0,0,0,0,0,0.05,-0.2,-0.2
Andy Irving,SCO,MF,West Ham,24,1997,7,0,87,0,0,0,0,1,0,0,0,0,0,0,0,0,0.04,0.04,1,1,0,100,1.03,0,0,0.04,0,0
Alexander Isak,SWE,FW,Newcastle Utd,25,1996,20,20,1630,15,5,0,0,1,0,0.83,0.28,1.1,0.83,1.1,12.6,12.6,0.7,0.7,18.1,27,3,45.8,1.49,0.25,0.56,0.21,2.4,2.4
Alex Iwobi,NGA,FW/MF,Fulham,28,1993,22,22,1848,7,3,0,0,1,0,0.34,0.15,0.49,0.34,0.49,3.3,3.3,0.16,0.16,20.5,19,0,44.2,0.93,0.16,0.37,0.08,3.7,3.7
Nicolas Jackson,SEN,FW,Chelsea,23,1998,20,19,1535,9,4,0,0,5,0,0.53,0.23,0.76,0.53,0.76,10.7,10.7,0.63,0.63,17.1,27,0,47.4,1.58,0.16,0.33,0.19,-1.7,-1.7
Reece James,ENG,DF,Chelsea,25,1996,5,3,276,1,0,0,0,0,0,0.33,0,0.33,0.33,0.33,0.1,0.1,0.02,0.02,3.1,1,1,100,0.33,1,1,0.06,0.9,0.9
Vitaly Janelt,GER,MF,Brentford,26,1995,21,18,1563,1,3,0,0,2,0,0.06,0.17,0.23,0.06,0.23,0.6,0.6,0.04,0.04,17.4,4,0,33.3,0.23,0.08,0.25,0.05,0.4,0.4
Vitezslav Jaros,CZE,GK,Liverpool,23,1998,1,0,12,0,0,0,0,0,0,0,0,0,0,0,0,0,0,0,0.1,0,0,0,0,0,0,0,0,0
Daniel Jebbison,ENG,FW,Bournemouth,21,2000,4,0,45,0,0,0,0,1,0,0,0,0,0,0,0.2,0.2,0.41,0.41,0.5,1,0,50,2,0,0,0.1,-0.2,-0.2
Mathias Jensen,DEN,MF,Brentford,29,1992,12,8,642,0,1,0,0,1,0,0,0.14,0.14,0,0.14,0.2,0.2,0.03,0.03,7.1,1,0,20,0.14,0,0,0.05,-0.2,-0.2
Gabriel Jesus,BRA,FW,Arsenal,27,1994,17,6,608,3,0,0,0,4,0,0.44,0,0.44,0.44,0.44,3,3,0.44,0.44,6.8,7,0,35,1.04,0.15,0.43,0.15,0,0
Raúl Jiménez,MEX,FW,Fulham,33,1988,22,17,1387,8,2,3,3,3,0,0.52,0.13,0.65,0.32,0.45,8.1,5.7,0.52,0.37,15.4,19,0,37.3,1.23,0.1,0.26,0.11,-0.1,-0.7
Kim Jisoo,KOR,DF,Brentford,20,2001,2,0,29,0,0,0,0,0,0,0,0,0,0,0,0,0,0,0,0.3,0,0,0,0,0,0,0,0,0
João Pedro,BRA,FW/MF,Brighton,23,1998,16,14,1205,5,5,1,1,2,0,0.37,0.37,0.75,0.3,0.67,3.7,2.9,0.28,0.22,13.4,11,0,42.3,0.82,0.15,0.36,0.11,1.3,1.1
Joelinton,BRA,MF/FW,Newcastle Utd,28,1993,21,21,1761,4,1,0,0,8,0,0.2,0.05,0.26,0.2,0.26,3.3,3.3,0.17,0.17,19.6,11,0,29.7,0.56,0.11,0.36,0.09,0.7,0.7
Ben Johnson,ENG,DF/FW,Ipswich Town,24,1997,13,8,766,0,1,0,0,2,0,0,0.12,0.12,0,0.12,0.4,0.4,0.05,0.05,8.5,2,0,66.7,0.23,0,0,0.13,-0.4,-0.4
Brennan Johnson,WAL,FW,Tottenham,23,1998,21,16,1492,7,2,0,0,3,0,0.42,0.12,0.54,0.42,0.54,8,8,0.48,0.48,16.6,16,0,35.6,0.97,0.16,0.44,0.18,-1,-1
Sam Johnstone,ENG,GK,Wolves,31,1990,7,7,630,0,0,0,0,0,0,0,0,0,0,0,0,0,0,0,7,0,0,0,0,0,0,0,0,0
Curtis Jones,ENG,MF,Liverpool,23,1998,18,10,896,3,2,0,0,1,0,0.3,0.2,0.5,0.3,0.5,2.9,2.9,0.29,0.29,10,10,0,52.6,1,0.16,0.3,0.15,0.1,0.1
Jorginho,ITA,MF,Arsenal,33,1988,10,6,459,0,0,0,0,3,0,0,0,0,0,0,0,0,0.01,0.01,5.1,0,0,0,0,0,0,0.04,0,0
Diogo Jota,POR,FW,Liverpool,28,1993,13,7,629,5,2,0,0,1,0,0.72,0.29,1,0.72,1,4.9,4.9,0.7,0.7,7,10,0,40,1.43,0.2,0.5,0.19,0.1,0.1
James Justin,ENG,DF,Leicester City,26,1995,21,21,1813,2,1,0,0,2,0,0.1,0.05,0.15,0.1,0.15,1.3,1.3,0.06,0.06,20.1,5,1,26.3,0.25,0.11,0.4,0.07,0.7,0.7
Filip Jørgensen,DEN,GK,Chelsea,22,1999,2,2,180,0,0,0,0,0,0,0,0,0,0,0,0,0,0,0,2,0,0,0,0,0,0,0,0,0
Ferdi Kadioglu,TUR,DF/MF,Brighton,25,1996,6,5,385,1,0,0,0,1,0,0.23,0,0.23,0.23,0.23,0.4,0.4,0.1,0.1,4.3,1,0,25,0.23,0.25,1,0.11,0.6,0.6
Daichi Kamada,JPN,MF,Crystal Palace,28,1993,18,9,866,0,0,0,0,2,1,0,0,0,0,0,0.7,0.7,0.07,0.07,9.6,4,0,30.8,0.42,0,0,0.05,-0.7,-0.7
Boubacar Kamara,FRA,MF,Aston Villa,25,1996,13,10,856,0,0,0,0,2,0,0,0,0,0,0,0.1,0.1,0.01,0.01,9.5,1,0,33.3,0.11,0,0,0.04,-0.1,-0.1
Michael Keane,ENG,DF,Everton,32,1989,10,9,813,2,0,0,0,4,0,0.22,0,0.22,0.22,0.22,0.4,0.4,0.05,0.05,9,3,0,37.5,0.33,0.25,0.67,0.05,1.6,1.6
Caoimhín Kelleher,IRL,GK,Liverpool,26,1995,8,8,720,0,0,0,0,0,0,0,0,0,0,0,0,0,0,0,8,0,0,0,0,0,0,0,0,0
Lloyd Kelly,ENG,DF,Newcastle Utd,26,1995,9,4,299,0,1,0,0,2,0,0,0.3,0.3,0,0.3,0.4,0.4,0.11,0.11,3.3,0,0,0,0,0,0,0.18,-0.4,-0.4
Milos Kerkez,HUN,DF,Bournemouth,21,2000,22,22,1907,2,3,0,0,3,0,0.09,0.14,0.24,0.09,0.24,0.4,0.4,0.02,0.02,21.2,3,0,23.1,0.14,0.15,0.67,0.03,1.6,1.6
Bilal El Khannouss,MAR,MF,Leicester City,20,2001,17,12,929,1,1,0,0,1,0,0.1,0.1,0.19,0.1,0.19,0.4,0.4,0.04,0.04,10.3,2,0,22.2,0.19,0.11,0.5,0.04,0.6,0.6
Max Kilman,ENG,DF,West Ham,27,1994,22,22,1908,0,1,0,0,3,0,0,0.05,0.05,0,0.05,1.4,1.4,0.07,0.07,21.2,2,0,20,0.09,0,0,0.14,-1.4,-1.4
Joshua King,ENG,MF/FW,Fulham,18,2003,5,1,80,0,0,0,0,0,0,0,0,0,0,0,0.2,0.2,0.22,0.22,0.9,0,0,0,0,0,0,0.2,-0.2,-0.2
Antonín Kinský,CZE,GK,Tottenham,21,2000,2,2,180,0,0,0,0,0,0,0,0,0,0,0,0,0,0,0,2,0,0,0,0,0,0,0,0,0
Jakub Kiwior,POL,DF,Arsenal,24,1997,8,2,327,0,0,0,0,0,0,0,0,0,0,0,0,0,0,0,3.6,0,0,0,0,0,0,0,0,0
Justin Kluivert,NED,MF/FW,Bournemouth,25,1996,21,17,1353,10,3,6,6,6,0,0.67,0.2,0.86,0.27,0.47,8,3.2,0.53,0.21,15,17,0,45.9,1.13,0.11,0.24,0.09,2,0.8
Ibrahima Konaté,FRA,DF,Liverpool,25,1996,15,14,1219,1,1,0,0,4,0,0.07,0.07,0.15,0.07,0.15,1,1,0.07,0.07,13.5,2,0,18.2,0.15,0.09,0.5,0.09,0,0
Ezri Konsa,ENG,DF,Aston Villa,27,1994,20,20,1721,1,0,0,0,0,0,0.05,0,0.05,0.05,0.05,0.6,0.6,0.03,0.03,19.1,2,0,40,0.1,0.2,0.5,0.12,0.4,0.4
Mateo Kovačić,CRO,MF,Manchester City,30,1991,18,16,1365,4,1,0,0,4,0,0.26,0.07,0.33,0.26,0.33,1.3,1.3,0.09,0.09,15.2,7,0,23.3,0.46,0.13,0.57,0.04,2.7,2.7
Caleb Kporha,ENG,DF,Crystal Palace,18,2003,2,0,13,0,0,0,0,0,0,0,0,0,0,0,0,0,0,0,0.1,0,0,0,0,0,0,0,0,0
Emil Krafth,SWE,DF,Newcastle Utd,30,1991,3,2,241,0,0,0,0,0,0,0,0,0,0,0,0,0,0.01,0.01,2.7,0,0,0,0,0,0,0.03,0,0
Mohammed Kudus,GHA,MF/FW,West Ham,24,1997,17,17,1384,3,1,0,0,0,1,0.2,0.07,0.26,0.2,0.26,3.9,3.9,0.26,0.26,15.4,14,0,29.8,0.91,0.06,0.21,0.08,-0.9,-0.9
Dejan Kulusevski,SWE,MF/FW,Tottenham,24,1997,22,20,1770,6,4,0,0,3,0,0.31,0.2,0.51,0.31,0.51,3.4,3.4,0.17,0.17,19.7,13,0,39.4,0.66,0.18,0.46,0.1,2.6,2.6
Maxence Lacroix,FRA,DF,Crystal Palace,24,1997,19,19,1710,1,1,0,0,3,0,0.05,0.05,0.11,0.05,0.11,1.6,1.6,0.08,0.08,19,3,0,20,0.16,0.07,0.33,0.11,-0.6,-0.6
Adam Lallana,ENG,MF,Southampton,36,1985,11,5,329,0,2,0,0,4,0,0,0.55,0.55,0,0.55,0.2,0.2,0.05,0.05,3.7,0,0,0,0,0,0,0.06,-0.2,-0.2
Tariq Lamptey,GHA,DF,Brighton,24,1997,8,4,356,2,2,0,0,0,0,0.51,0.51,1.01,0.51,1.01,0.3,0.3,0.07,0.07,4,2,0,66.7,0.51,0.67,1,0.09,1.7,1.7
Will Lankshear,ENG,FW,Tottenham,19,2002,2,0,10,0,0,0,0,0,0,0,0,0,0,0,0,0,0,0,0.1,0,0,0,0,0,0,0,0,0
Roméo Lavia,BEL,MF,Chelsea,21,2000,10,8,532,0,1,0,0,4,0,0,0.17,0.17,0,0.17,0.2,0.2,0.03,0.03,5.9,0,0,0,0,0,0,0.18,-0.2,-0.2
Mario Lemina,GAB,MF/DF,Wolves,31,1990,17,15,1364,1,3,0,0,4,0,0.07,0.2,0.26,0.07,0.26,1.4,1.4,0.09,0.09,15.2,5,0,27.8,0.33,0.06,0.2,0.08,-0.4,-0.4
Bernd Leno,GER,GK,Fulham,32,1989,22,22,1980,0,1,0,0,2,0,0,0.05,0.05,0,0.05,0,0,0,0,22,0,0,0,0,0,0,0,0,0
Jefferson Lerma,COL,MF,Crystal Palace,30,1991,17,13,1113,0,0,0,0,4,0,0,0,0,0,0,0.7,0.7,0.05,0.05,12.4,6,0,37.5,0.49,0,0,0.04,-0.7,-0.7
Rico Lewis,ENG,DF/MF,Manchester City,20,2001,19,16,1402,1,2,0,0,5,1,0.06,0.13,0.19,0.06,0.19,1.2,1.2,0.07,0.07,15.6,2,0,22.2,0.13,0.11,0.5,0.13,-0.2,-0.2
Keane Lewis-Potter,ENG,DF/FW,Brentford,23,1998,22,20,1739,1,2,0,0,3,0,0.05,0.1,0.16,0.05,0.16,2.2,2.2,0.12,0.12,19.3,10,1,55.6,0.52,0.06,0.1,0.12,-1.2,-1.2
Myles Lewis-Skelly,ENG,DF,Arsenal,18,2003,8,5,420,0,0,0,0,2,0,0,0,0,0,0,0,0,0,0,4.7,0,0,0,0,0,0,0,0,0
Matthijs de Ligt,NED,DF,Manchester Utd,25,1996,20,17,1483,1,0,0,0,3,0,0.06,0,0.06,0.06,0.06,1.6,1.6,0.1,0.1,16.5,6,0,50,0.36,0.08,0.17,0.13,-0.6,-0.6
Pedro Lima,BRA,DF,Wolves,18,2003,1,1,58,0,0,0,0,0,0,0,0,0,0,0,0,0,0,0,0.6,0,0,0,0,0,0,0,0,0
Victor Lindelöf,SWE,DF/MF,Manchester Utd,30,1991,5,0,63,0,0,0,0,1,0,0,0,0,0,0,0,0,0,0,0.7,0,0,0,0,0,0,0,0,0
Jesper Lindstrøm,DEN,FW,Everton,24,1997,17,8,738,0,0,0,0,0,0,0,0,0,0,0,1.8,1.8,0.21,0.21,8.2,8,6,32,0.98,0,0,0.07,-1.8,-1.8
Valentino Livramento,ENG,DF,Newcastle Utd,22,1999,21,17,1494,0,0,0,0,0,0,0,0,0,0,0,0,0,0,0,16.6,0,0,0,0,0,0,0.04,0,0
Sean Longstaff,ENG,MF,Newcastle Utd,27,1994,17,8,720,0,0,0,0,2,0,0,0,0,0,0,0.6,0.6,0.08,0.08,8,1,0,16.7,0.12,0,0,0.1,-0.6,-0.6
Saša Lukić,SRB,MF,Fulham,28,1993,17,16,1329,0,2,0,0,9,0,0,0.14,0.14,0,0.14,0.7,0.7,0.05,0.05,14.8,0,0,0,0,0,0,0.08,-0.7,-0.7
Joe Lumley,ENG,GK,Southampton,29,1992,3,3,270,0,0,0,0,0,0,0,0,0,0,0,0,0,0,0,3,0,0,0,0,0,0,0,0,0
Massimo Luongo,AUS,MF,Ipswich Town,32,1989,6,2,170,0,0,0,0,0,0,0,0,0,0,0,0,0,0,0,1.9,0,0,0,0,0,0,0,0,0
Ian Maatsen,NED,DF,Aston Villa,22,1999,16,3,358,0,1,0,0,2,0,0,0.25,0.25,0,0.25,0.1,0.1,0.03,0.03,4,2,0,40,0.5,0,0,0.03,-0.1,-0.1
Alexis Mac Allister,ARG,MF,Liverpool,26,1995,20,18,1491,1,3,0,0,5,0,0.06,0.18,0.24,0.06,0.24,1.7,1.7,0.1,0.1,16.6,7,0,31.8,0.42,0.05,0.14,0.08,-0.7,-0.7
James Maddison,ENG,MF,Tottenham,28,1993,22,15,1300,8,4,0,0,4,0,0.55,0.28,0.83,0.55,0.83,4.9,4.9,0.34,0.34,14.4,16,4,45.7,1.11,0.23,0.5,0.14,3.1,3.1
Noni Madueke,ENG,FW,Chelsea,22,1999,19,15,1200,5,3,0,0,3,0,0.37,0.23,0.6,0.37,0.6,5.4,5.4,0.4,0.4,13.3,22,0,40,1.65,0.09,0.23,0.1,-0.4,-0.4
Gabriel Magalhães,BRA,DF,Arsenal,27,1994,20,20,1718,3,1,0,0,3,0,0.16,0.05,0.21,0.16,0.21,2.4,2.4,0.12,0.12,19.1,5,0,27.8,0.26,0.17,0.6,0.13,0.6,0.6
Edmond-Paris Maghoma,ENG,MF,Brentford,23,1998,5,0,78,0,0,0,0,0,0,0,0,0,0,0,0,0,0,0,0.9,0,0,0,0,0,0,0,0,0
Harry Maguire,ENG,DF,Manchester Utd,31,1990,15,10,908,0,0,0,0,6,0,0,0,0,0,0,0.5,0.5,0.05,0.05,10.1,1,0,25,0.1,0,0,0.12,-0.5,-0.5
Kobbie Mainoo,ENG,MF,Manchester Utd,19,2002,16,14,1206,0,0,0,0,5,0,0,0,0,0,0,0.5,0.5,0.04,0.04,13.4,1,0,11.1,0.07,0,0,0.05,-0.5,-0.5
Tyrell Malacia,NED,DF,Manchester Utd,25,1996,2,2,90,0,0,0,0,1,0,0,0,0,0,0,0,0,0,0,1,0,0,0,0,0,0,0,0,0
Orel Mangala,BEL,MF,Everton,26,1995,18,13,1171,1,0,0,0,2,0,0.08,0,0.08,0.08,0.08,1.1,1.1,0.08,0.08,13,6,0,40,0.46,0.07,0.17,0.07,-0.1,-0.1
Ryan Manning,IRL,DF,Southampton,28,1993,12,9,702,0,0,0,0,1,0,0,0,0,0,0,0.1,0.1,0.02,0.02,7.8,0,0,0,0,0,0,0.05,-0.1,-0.1
Solly March,ENG,MF/DF,Brighton,30,1991,2,0,25,0,0,0,0,1,0,0,0,0,0,0,0.1,0.1,0.23,0.23,0.3,0,0,0,0,0,0,0.06,-0.1,-0.1
Gabriel Martinelli,BRA,FW/MF,Arsenal,23,1998,20,14,1282,6,2,0,0,1,0,0.42,0.14,0.56,0.42,0.56,3.9,3.9,0.27,0.27,14.2,13,0,50,0.91,0.23,0.46,0.15,2.1,2.1
Emiliano Martínez,ARG,GK,Aston Villa,32,1989,22,22,1935,0,0,0,0,2,0,0,0,0,0,0,0,0,0,0,21.5,0,0,0,0,0,0,0,0,0
Lisandro Martínez,ARG,DF,Manchester Utd,27,1994,18,18,1580,1,1,0,0,7,0,0.06,0.06,0.11,0.06,0.11,1.2,1.2,0.07,0.07,17.6,5,0,35.7,0.28,0.07,0.2,0.09,-0.2,-0.2
Pape Matar Sarr,SEN,MF,Tottenham,22,1999,22,14,1179,1,2,0,0,4,0,0.08,0.15,0.23,0.08,0.23,2.1,2.1,0.16,0.16,13.1,9,0,45,0.69,0.05,0.11,0.11,-1.1,-1.1
Jean-Philippe Mateta,FRA,FW,Crystal Palace,27,1994,22,20,1682,8,1,2,2,2,0,0.43,0.05,0.48,0.32,0.37,7.8,6.2,0.42,0.33,18.7,14,0,33.3,0.75,0.14,0.43,0.15,0.2,-0.2
Stephy Mavididi,ENG,FW,Leicester City,26,1995,21,14,1275,3,1,0,0,2,0,0.21,0.07,0.28,0.21,0.28,1.5,1.5,0.11,0.11,14.2,6,1,31.6,0.42,0.16,0.5,0.08,1.5,1.5
Konstantinos Mavropanos,GRE,DF,West Ham,27,1994,19,15,1386,0,0,0,0,4,1,0,0,0,0,0,0.9,0.9,0.06,0.06,15.4,2,0,16.7,0.13,0,0,0.07,-0.9,-0.9
Noussair Mazraoui,MAR,DF,Manchester Utd,27,1994,22,20,1684,0,1,0,0,1,0,0,0.05,0.05,0,0.05,0.4,0.4,0.02,0.02,18.7,2,0,22.2,0.11,0,0,0.05,-0.4,-0.4
Bryan Mbeumo,CMR,FW,Brentford,25,1996,22,22,1974,13,3,3,3,2,0,0.59,0.14,0.73,0.46,0.59,6.8,4.4,0.31,0.2,21.9,22,2,56.4,1,0.26,0.45,0.11,6.2,5.6
James Mcatee,ENG,MF/FW,Manchester City,22,1999,6,0,70,1,0,0,0,0,0,1.29,0,1.29,1.29,1.29,0.8,0.8,1.02,1.02,0.8,1,0,25,1.29,0.25,1,0.2,0.2,0.2
Kasey McAteer,IRL,FW/MF,Leicester City,23,1998,11,4,386,0,1,0,0,1,0,0,0.23,0.23,0,0.23,0.6,0.6,0.13,0.13,4.3,2,0,33.3,0.47,0,0,0.09,-0.6,-0.6
Alex McCarthy,ENG,GK,Southampton,35,1986,4,4,360,0,0,0,0,0,0,0,0,0,0,0,0,0,0,0,4,0,0,0,0,0,0,0,0,0
John McGinn,SCO,FW/MF,Aston Villa,30,1991,18,16,1254,0,3,0,0,3,0,0,0.22,0.22,0,0.22,1.8,1.8,0.13,0.13,13.9,2,0,10.5,0.14,0,0,0.1,-1.8,-1.8
Dwight McNeil,ENG,MF/FW,Everton,25,1996,13,13,1140,3,3,0,0,1,0,0.24,0.24,0.47,0.24,0.47,0.9,0.9,0.07,0.07,12.7,8,0,34.8,0.63,0.13,0.38,0.04,2.1,2.1
Scott McTominay,SCO,MF,Manchester Utd,28,1993,2,0,19,0,0,0,0,0,0,0,0,0,0,0,0.1,0.1,0.33,0.33,0.2,0,0,0,0,0,0,0.07,-0.1,-0.1
Ben Mee,ENG,DF,Brentford,35,1986,5,2,176,0,0,0,0,2,0,0,0,0,0,0,0,0,0,0,2,0,0,0,0,0,0,0,0,0
Jayden Meghoma,ENG,DF,Brentford,18,2003,1,0,5,0,0,0,0,0,0,0,0,0,0,0,0,0,0,0,0.1,0,0,0,0,0,0,0,0,0
Mikel Merino,ESP,MF,Arsenal,28,1993,15,8,760,2,1,0,0,2,0,0.24,0.12,0.36,0.24,0.36,2.2,2.2,0.26,0.26,8.4,6,0,37.5,0.71,0.13,0.33,0.13,-0.2,-0.2
Nikola Milenković,SRB,DF,Nott'ham Forest,27,1994,21,21,1890,2,1,0,0,2,0,0.1,0.05,0.14,0.1,0.14,2.8,2.8,0.14,0.14,21,4,0,21.1,0.19,0.11,0.5,0.15,-0.8,-0.8
Lewis Miley,ENG,MF,Newcastle Utd,18,2003,3,0,20,0,0,0,0,0,0,0,0,0,0,0,0,0,0,0,0.2,0,0,0,0,0,0,0,0,0
James Milner,ENG,MF,Brighton,39,1982,3,3,169,0,0,0,0,1,0,0,0,0,0,0,0.2,0.2,0.09,0.09,1.9,0,0,0,0,0,0,0.08,-0.2,-0.2
Tyrone Mings,ENG,DF,Aston Villa,31,1990,5,4,431,0,0,0,0,1,0,0,0,0,0,0,0.2,0.2,0.04,0.04,4.8,0,0,0,0,0,0,0.07,-0.2,-0.2
Yankuba Minteh,GAM,FW/MF,Brighton,20,2001,17,7,733,3,2,0,0,4,0,0.37,0.25,0.61,0.37,0.61,2.1,2.1,0.25,0.25,8.1,4,0,28.6,0.49,0.21,0.75,0.15,0.9,0.9
Tyrick Mitchell,ENG,DF,Crystal Palace,25,1996,22,22,1913,0,3,0,0,2,0,0,0.14,0.14,0,0.14,0.5,0.5,0.03,0.03,21.3,2,0,28.6,0.09,0,0,0.08,-0.5,-0.5
Kaoru Mitoma,JPN,FW/MF,Brighton,27,1994,22,19,1755,5,3,0,0,0,0,0.26,0.15,0.41,0.26,0.41,5.1,5.1,0.26,0.26,19.5,16,0,43.2,0.82,0.14,0.31,0.14,-0.1,-0.1
Jakub Moder,POL,MF,Brighton,25,1996,4,0,11,0,0,0,0,0,0,0,0,0,0,0,0,0,0,0,0.1,0,0,0,0,0,0,0,0,0
Mikey Moore,ENG,FW/MF,Tottenham,17,2004,5,1,103,0,1,0,0,0,0,0,0.87,0.87,0,0.87,0.2,0.2,0.17,0.17,1.1,0,0,0,0,0,0,0.1,-0.2,-0.2
Morato,BRA,DF,Nott'ham Forest,23,1998,15,2,420,0,0,0,0,0,0,0,0,0,0,0,0,0,0,0,4.7,0,0,0,0,0,0,0,0,0
Álex Moreno,ESP,DF,Nott'ham Forest,31,1990,12,10,789,0,1,0,0,2,0,0,0.11,0.11,0,0.11,0.2,0.2,0.02,0.02,8.8,0,0,0,0,0,0,0.03,-0.2,-0.2
Sam Morsy,EGY,MF,Ipswich Town,33,1988,20,19,1723,1,1,0,0,7,0,0.05,0.05,0.1,0.05,0.1,0.3,0.3,0.02,0.02,19.1,1,0,12.5,0.05,0.13,1,0.04,0.7,0.7
Yerson Mosquera,COL,DF,Wolves,23,1998,5,5,441,0,0,0,0,2,0,0,0,0,0,0,0.3,0.3,0.07,0.07,4.9,0,0,0,0,0,0,0.17,-0.3,-0.3
Mason Mount,ENG,MF/FW,Manchester Utd,26,1995,8,4,247,0,0,0,0,2,0,0,0,0,0,0,0.4,0.4,0.14,0.14,2.7,2,0,66.7,0.73,0,0,0.13,-0.4,-0.4
Divin Mubama,ENG,FW,Manchester City,20,2001,1,0,28,0,0,0,0,0,0,0,0,0,0,0,0,0,0.12,0.12,0.3,0,0,0,0,0,0,0.04,0,0
Mykhailo Mudryk,UKR,FW,Chelsea,24,1997,7,1,151,0,0,0,0,0,0,0,0,0,0,0,0.3,0.3,0.15,0.15,1.7,1,0,100,0.6,0,0,0.25,-0.3,-0.3
Rodrigo Muniz,BRA,FW,Fulham,23,1998,21,5,627,3,1,0,0,1,0,0.43,0.14,0.57,0.43,0.57,2.8,2.8,0.4,0.4,7,10,0,45.5,1.44,0.14,0.3,0.13,0.2,0.2
Daniel Muñoz,COL,DF,Crystal Palace,28,1993,21,21,1803,2,1,0,0,5,0,0.1,0.05,0.15,0.1,0.15,3.3,3.3,0.17,0.17,20,8,0,38.1,0.4,0.1,0.25,0.16,-1.3,-1.3
Arijanet Muric,KVX,GK,Ipswich Town,26,1995,17,17,1530,0,0,0,0,1,0,0,0,0,0,0,0,0,0,0,17,0,0,0,0,0,0,0,0,0
Murillo,BRA,DF,Nott'ham Forest,22,1999,21,21,1867,1,0,0,0,4,0,0.05,0,0.05,0.05,0.05,1.1,1.1,0.05,0.05,20.7,4,3,23.5,0.19,0.06,0.25,0.06,-0.1,-0.1
Jacob Murphy,ENG,FW,Newcastle Utd,29,1992,19,15,1166,3,6,0,0,2,0,0.23,0.46,0.69,0.23,0.69,2.4,2.4,0.18,0.18,13,8,0,32,0.62,0.12,0.38,0.1,0.6,0.6
Vitaliy Mykolenko,UKR,DF,Everton,25,1996,19,19,1645,0,0,0,0,2,0,0,0,0,0,0,0.4,0.4,0.02,0.02,18.3,0,0,0,0,0,0,0.04,-0.4,-0.4
Iliman Ndiaye,SEN,FW,Everton,24,1997,21,19,1686,4,0,0,0,2,0,0.21,0,0.21,0.21,0.21,2.3,2.3,0.12,0.12,18.7,9,0,40.9,0.48,0.18,0.44,0.11,1.7,1.7
Wilfred Ndidi,NGA,MF,Leicester City,28,1993,15,15,1215,0,4,0,0,4,0,0,0.3,0.3,0,0.3,1.4,1.4,0.1,0.1,13.5,6,0,50,0.44,0,0,0.12,-1.4,-1.4
Kosta Nedeljković,SRB,DF,Aston Villa,19,2002,4,0,118,0,0,0,0,0,0,0,0,0,0,0,0,0,0,0,1.3,0,0,0,0,0,0,0,0,0
Reiss Nelson,ENG,FW,Arsenal,25,1996,1,0,3,0,0,0,0,0,0,0,0,0,0,0,0,0,0,0,0,0,0,0,0,0,0,0,0,0
Reiss Nelson,ENG,FW,Fulham,25,1996,11,5,487,1,1,0,0,1,0,0.18,0.18,0.37,0.18,0.37,1.1,1.1,0.2,0.2,5.4,6,0,50,1.11,0.08,0.17,0.09,-0.1,-0.1
Neto,BRA,GK,Bournemouth,35,1986,2,2,180,0,0,0,0,0,0,0,0,0,0,0,0,0,0,0,2,0,0,0,0,0,0,0,0,0
Pedro Neto,POR,FW,Chelsea,24,1997,18,10,1012,1,2,0,0,6,0,0.09,0.18,0.27,0.09,0.27,0.9,0.9,0.08,0.08,11.2,6,0,26.1,0.53,0.04,0.17,0.04,0.1,0.1
Eddie Nketiah,ENG,MF/FW,Crystal Palace,25,1996,16,6,608,0,1,0,0,3,0,0,0.15,0.15,0,0.15,1.6,1.6,0.23,0.23,6.8,7,0,30.4,1.04,0,0,0.07,-1.6,-1.6
Christopher Nkunku,FRA,FW,Chelsea,27,1994,18,3,402,2,1,0,0,1,0,0.45,0.22,0.67,0.45,0.67,4,4,0.88,0.88,4.5,6,0,40,1.34,0.13,0.33,0.26,-2,-2
Matheus Nunes,POR,DF/MF,Manchester City,26,1995,14,8,710,0,3,0,0,2,0,0,0.38,0.38,0,0.38,0.2,0.2,0.02,0.02,7.9,0,0,0,0,0,0,0.04,-0.2,-0.2
Darwin Núñez,URU,FW,Liverpool,25,1996,16,7,781,4,2,0,0,6,0,0.46,0.23,0.69,0.46,0.69,3.4,3.4,0.39,0.39,8.7,10,0,40,1.15,0.16,0.4,0.14,0.6,0.6
Ethan Nwaneri,ENG,FW/MF,Arsenal,17,2004,12,2,239,2,0,0,0,1,0,0.75,0,0.75,0.75,0.75,0.3,0.3,0.11,0.11,2.7,3,0,50,1.13,0.33,0.67,0.05,1.7,1.7
Christian Nørgaard,DEN,MF,Brentford,30,1991,19,19,1559,2,2,0,0,4,1,0.12,0.12,0.23,0.12,0.23,2.3,2.3,0.13,0.13,17.3,6,0,30,0.35,0.1,0.33,0.12,-0.3,-0.3
Jake O'Brien,IRL,DF,Everton,23,1998,4,1,131,0,0,0,0,1,0,0,0,0,0,0,0,0,0,0,1.5,0,0,0,0,0,0,0,0,0
Matt O'Riley,DEN,MF,Brighton,24,1997,9,5,416,1,1,0,0,1,0,0.22,0.22,0.43,0.22,0.43,1.1,1.1,0.24,0.24,4.6,3,0,25,0.65,0.08,0.33,0.09,-0.1,-0.1
Dara O'Shea,IRL,DF,Ipswich Town,25,1996,19,19,1682,0,0,0,0,5,0,0,0,0,0,0,0.8,0.8,0.04,0.04,18.7,2,0,15.4,0.11,0,0,0.06,-0.8,-0.8
Wilson Odobert,FRA,FW,Tottenham,20,2001,3,2,162,0,0,0,0,0,0,0,0,0,0,0,0.4,0.4,0.23,0.23,1.8,0,0,0,0,0,0,0.07,-0.4,-0.4
Chiedozie Ogbene,IRL,FW,Ipswich Town,27,1994,5,3,238,0,0,0,0,0,0,0,0,0,0,0,0,0,0,0,2.6,0,0,0,0,0,0,0,0,0
Caleb Okoli,ITA,DF,Leicester City,23,1998,13,9,800,0,0,0,0,2,0,0,0,0,0,0,0.1,0.1,0.02,0.02,8.9,1,0,33.3,0.11,0,0,0.05,-0.1,-0.1
Robin Olsen,SWE,GK,Aston Villa,35,1986,1,0,45,0,0,0,0,0,0,0,0,0,0,0,0,0,0,0,0.5,0,0,0,0,0,0,0,0,0
Amadou Onana,BEL,MF,Aston Villa,23,1998,16,14,1034,2,0,0,0,4,0,0.17,0,0.17,0.17,0.17,1.8,1.8,0.16,0.16,11.5,4,0,28.6,0.35,0.14,0.5,0.13,0.2,0.2
André Onana,CMR,GK,Manchester Utd,28,1993,22,22,1980,0,0,0,0,0,0,0,0,0,0,0,0,0,0,0,22,0,0,0,0,0,0,0,0,0
Paul Onuachu,NGA,FW,Southampton,30,1991,12,4,364,1,0,0,0,1,0,0.25,0,0.25,0.25,0.25,1.3,1.3,0.31,0.31,4,6,0,37.5,1.48,0.06,0.17,0.08,-0.3,-0.3
Frank Onyeka,NGA,MF,Brentford,27,1994,2,0,25,0,0,0,0,0,0,0,0,0,0,0,0,0,0,0,0.3,0,0,0,0,0,0,0,0,0
Lewis Orford,ENG,MF,West Ham,18,2003,1,0,35,0,0,0,0,0,0,0,0,0,0,0,0,0,0.08,0.08,0.4,0,0,0,0,0,0,0.03,0,0
Stefan Ortega,GER,GK,Manchester City,32,1989,8,8,720,0,0,0,0,1,0,0,0,0,0,0,0,0,0,0,8,0,0,0,0,0,0,0,0,0
William Osula,DEN,FW/MF,Newcastle Utd,21,2000,8,0,45,0,0,0,0,0,0,0,0,0,0,0,0,0,0,0,0.5,0,0,0,0,0,0,0,0,0
Dango Ouattara,BFA,FW,Bournemouth,22,1999,19,10,1062,3,4,0,0,1,0,0.25,0.34,0.59,0.25,0.59,4.7,4.7,0.4,0.4,11.8,9,0,28.1,0.76,0.09,0.33,0.15,-1.7,-1.7
Nico O’Reilly,ENG,MF,Manchester City,19,2002,1,0,19,0,0,0,0,0,0,0,0,0,0,0,0,0,0.12,0.12,0.2,0,0,0,0,0,0,0.03,0,0
Cole Palmer,ENG,MF,Chelsea,22,1999,21,21,1837,14,6,3,3,3,0,0.69,0.29,0.98,0.54,0.83,11.8,9.4,0.58,0.46,20.4,29,10,40.8,1.42,0.15,0.38,0.13,2.2,1.6
Emerson Palmieri,ITA,DF,West Ham,30,1991,20,19,1487,1,1,0,0,5,0,0.06,0.06,0.12,0.06,0.12,1.2,1.2,0.07,0.07,16.5,4,3,44.4,0.24,0.11,0.25,0.13,-0.2,-0.2
Lucas Paquetá,BRA,MF,West Ham,27,1994,21,18,1519,4,0,2,2,6,0,0.24,0,0.24,0.12,0.12,4.3,2.7,0.26,0.16,16.9,3,2,10.7,0.18,0.07,0.67,0.1,-0.3,-0.7
Thomas Partey,GHA,MF/DF,Arsenal,31,1990,21,18,1673,2,2,0,0,2,0,0.11,0.11,0.22,0.11,0.22,1.5,1.5,0.08,0.08,18.6,5,0,31.3,0.27,0.13,0.4,0.09,0.5,0.5
Nathan Patterson,SCO,DF,Everton,23,1998,5,0,97,0,0,0,0,0,0,0,0,0,0,0,0.1,0.1,0.07,0.07,1.1,0,0,0,0,0,0,0.07,-0.1,-0.1
Andreas Pereira,BRA,MF,Fulham,29,1992,19,16,1246,2,1,0,1,6,0,0.14,0.07,0.22,0.14,0.22,3,2.2,0.22,0.16,13.8,8,5,32,0.58,0.08,0.25,0.09,-1,-0.2
Ricardo Pereira,POR,DF,Leicester City,31,1990,2,2,146,0,0,0,0,1,0,0,0,0,0,0,0,0,0,0,1.6,0,0,0,0,0,0,0,0,0
Kalvin Phillips,ENG,MF,Ipswich Town,29,1992,12,9,771,0,0,0,0,3,1,0,0,0,0,0,0.3,0.3,0.04,0.04,8.6,1,2,14.3,0.12,0,0,0.04,-0.3,-0.3
Jaden Philogene Bidace,ENG,FW/MF,Aston Villa,22,1999,11,2,332,0,0,0,0,4,1,0,0,0,0,0,0.5,0.5,0.13,0.13,3.7,0,0,0,0,0,0,0.07,-0.5,-0.5
Jaden Philogene Bidace,ENG,MF,Ipswich Town,22,1999,1,0,27,0,0,0,0,0,0,0,0,0,0,0,0,0,0,0,0.3,0,0,0,0,0,0,0,0,0
Jordan Pickford,ENG,GK,Everton,30,1991,21,21,1890,0,0,0,0,5,0,0,0,0,0,0,0,0,0,0,21,0,0,0,0,0,0,0,0,0
Ethan Pinnock,JAM,DF,Brentford,31,1990,16,16,1440,2,0,0,0,2,0,0.12,0,0.12,0.12,0.12,0.9,0.9,0.05,0.05,16,6,0,66.7,0.37,0.22,0.33,0.1,1.1,1.1
Daniel Podence,POR,MF/FW,Wolves,29,1992,2,0,48,0,0,0,0,0,0,0,0,0,0,0,0,0,0.07,0.07,0.5,0,0,0,0,0,0,0.04,0,0
Alfie Pond,ENG,DF,Wolves,20,2001,1,0,1,0,0,0,0,0,0,0,0,0,0,0,0,0,0,0,0,0,0,0,0,0,0,0,0,0
Nick Pope,ENG,GK,Newcastle Utd,32,1989,15,15,1350,0,0,0,0,2,0,0,0,0,0,0,0,0,0,0,15,0,0,0,0,0,0,0,0,0
Pedro Porro,ESP,DF,Tottenham,25,1996,22,19,1808,2,4,0,0,2,0,0.1,0.2,0.3,0.1,0.3,1.3,1.3,0.06,0.06,20.1,6,2,20.7,0.3,0.07,0.33,0.04,0.7,0.7
Jarell Quansah,ENG,DF,Liverpool,21,2000,5,2,228,0,0,0,0,1,0,0,0,0,0,0,0,0,0,0,2.5,0,0,0,0,0,0,0,0,0
Hákon Rafn Valdimarsson,ISL,GK,Brentford,23,1998,1,0,55,0,0,0,0,0,0,0,0,0,0,0,0,0,0,0,0.6,0,0,0,0,0,0,0,0,0
Aaron Ramsdale,ENG,GK,Southampton,26,1995,15,15,1350,0,0,0,0,1,0,0,0,0,0,0,0,0,0,0,15,0,0,0,0,0,0,0,0,0
Jacob Ramsey,ENG,FW/MF,Aston Villa,23,1998,14,9,883,0,2,0,0,1,0,0,0.2,0.2,0,0.2,1,1,0.1,0.1,9.8,3,0,25,0.31,0,0,0.08,-1,-1
Marcus Rashford,ENG,FW/MF,Manchester Utd,27,1994,15,12,978,4,1,0,0,2,0,0.37,0.09,0.46,0.37,0.46,1.7,1.7,0.16,0.16,10.9,9,0,56.3,0.83,0.25,0.44,0.11,2.3,2.3
David Raya,ESP,GK,Arsenal,29,1992,22,22,1980,0,0,0,0,2,0,0,0,0,0,0,0,0,0,0,22,0,0,0,0,0,0,0,0,0
Harrison Reed,ENG,MF,Fulham,29,1992,8,0,61,0,0,0,0,2,0,0,0,0,0,0,0,0,0.02,0.02,0.7,0,0,0,0,0,0,0.01,0,0
Remy Rees-Dottin,ENG,FW,Bournemouth,18,2003,1,0,1,0,0,0,0,0,0,0,0,0,0,0,0,0,0,0,0,0,0,0,0,0,0,0,0,0
Sergio Reguilón,ESP,DF,Tottenham,28,1993,2,0,86,0,0,0,0,1,0,0,0,0,0,0,0.1,0.1,0.07,0.07,1,0,0,0,0,0,0,0.07,-0.1,-0.1
Bobby Reid,JAM,FW/MF,Leicester City,31,1990,14,2,282,1,0,0,0,0,0,0.32,0,0.32,0.32,0.32,0.7,0.7,0.23,0.23,3.1,2,0,40,0.64,0.2,0.5,0.14,0.3,0.3
Chadi Riad,MAR,DF,Crystal Palace,21,2000,1,1,90,0,0,0,0,0,0,0,0,0,0,0,0,0,0,0,1,0,0,0,0,0,0,0,0,0
Declan Rice,ENG,MF,Arsenal,26,1995,20,18,1561,1,3,0,0,5,1,0.06,0.17,0.23,0.06,0.23,1.4,1.4,0.08,0.08,17.3,6,0,26.1,0.35,0.04,0.17,0.06,-0.4,-0.4
Chris Richards,USA,DF,Crystal Palace,24,1997,11,9,805,0,0,0,0,1,0,0,0,0,0,0,0.2,0.2,0.02,0.02,8.9,2,0,66.7,0.22,0,0,0.07,-0.2,-0.2
Richarlison,BRA,FW,Tottenham,27,1994,7,0,148,1,1,0,0,1,0,0.61,0.61,1.22,0.61,1.22,0.6,0.6,0.34,0.34,1.6,2,0,50,1.22,0.25,0.5,0.14,0.4,0.4
Andrew Robertson,SCO,DF,Liverpool,30,1991,20,18,1470,0,0,0,0,2,1,0,0,0,0,0,0.5,0.5,0.03,0.03,16.3,2,0,33.3,0.12,0,0,0.09,-0.5,-0.5
Antonee Robinson,USA,DF,Fulham,27,1994,22,22,1980,0,9,0,0,4,0,0,0.41,0.41,0,0.41,0.6,0.6,0.03,0.03,22,2,0,15.4,0.09,0,0,0.05,-0.6,-0.6
Rodri,ESP,MF,Manchester City,28,1993,2,1,65,0,0,0,0,0,0,0,0,0,0,0,0,0,0,0,0.7,0,0,0,0,0,0,0,0,0
Guido Rodríguez,ARG,MF,West Ham,30,1991,18,14,1016,0,0,0,0,5,0,0,0,0,0,0,0.2,0.2,0.02,0.02,11.3,1,0,12.5,0.09,0,0,0.03,-0.2,-0.2
Mads Roerslev,DEN,DF,Brentford,25,1996,18,10,1011,0,2,0,0,2,0,0,0.18,0.18,0,0.18,0.2,0.2,0.01,0.01,11.2,2,0,50,0.18,0,0,0.04,-0.2,-0.2
Morgan Rogers,ENG,MF/FW,Aston Villa,22,1999,21,21,1738,6,4,0,0,6,0,0.31,0.21,0.52,0.31,0.52,3.7,3.7,0.19,0.19,19.3,11,0,30.6,0.57,0.17,0.55,0.1,2.3,2.3
Cristian Romero,ARG,DF,Tottenham,26,1995,12,12,974,1,0,0,0,1,0,0.09,0,0.09,0.09,0.09,1.1,1.1,0.1,0.1,10.8,4,0,36.4,0.37,0.09,0.25,0.1,-0.1,-0.1
Georginio Rutter,FRA,FW/MF,Brighton,22,1999,21,13,1132,4,2,0,0,2,0,0.32,0.16,0.48,0.32,0.48,3.3,3.3,0.26,0.26,12.6,8,0,20.5,0.64,0.1,0.5,0.08,0.7,0.7
José Sá,POR,GK,Wolves,32,1989,14,14,1260,0,0,0,0,1,0,0,0,0,0,0,0,0,0,0,14,0,0,0,0,0,0,0,0,0
Bukayo Saka,ENG,FW/MF,Arsenal,23,1998,16,16,1268,5,10,1,1,3,0,0.35,0.71,1.06,0.28,0.99,4.2,3.4,0.3,0.24,14.1,17,0,37.8,1.21,0.09,0.24,0.08,0.8,0.6
Mohamed Salah,EGY,FW,Liverpool,32,1989,21,21,1852,18,13,5,5,1,0,0.87,0.63,1.51,0.63,1.26,17,13.1,0.83,0.64,20.6,35,1,44.9,1.7,0.17,0.37,0.17,1,-0.1
William Saliba,FRA,DF,Arsenal,23,1998,20,20,1739,2,0,0,0,2,1,0.1,0,0.1,0.1,0.1,1.9,1.9,0.1,0.1,19.3,2,0,66.7,0.1,0.67,1,0.63,0.1,0.1
Robert Sánchez,ESP,GK,Chelsea,27,1994,19,19,1710,0,0,0,0,4,0,0,0,0,0,0,0,0,0,0,19,0,0,0,0,0,0,0,0,0
Jadon Sancho,ENG,FW,Chelsea,24,1997,15,11,961,2,4,0,0,1,0,0.19,0.37,0.56,0.19,0.56,1.2,1.2,0.11,0.11,10.7,4,0,28.6,0.37,0.14,0.5,0.08,0.8,0.8
Ibrahim Sangaré,CIV,MF,Nott'ham Forest,27,1994,3,3,212,0,0,0,0,2,0,0,0,0,0,0,0,0,0.01,0.01,2.4,1,0,100,0.42,0,0,0.02,0,0
Pablo Sarabia,ESP,MF/FW,Wolves,32,1989,7,2,202,1,0,0,0,1,0,0.45,0,0.45,0.45,0.45,1.8,1.8,0.8,0.8,2.2,6,0,100,2.67,0.17,0.17,0.3,-0.8,-0.8
Jeremy Sarmiento,ECU,MF,Brighton,22,1999,1,0,9,0,0,0,0,0,0,0,0,0,0,0,0,0,0,0,0.1,0,0,0,0,0,0,0,0,0
Ismaila Sarr,SEN,MF/FW,Crystal Palace,26,1995,22,15,1431,4,3,0,0,3,0,0.25,0.19,0.44,0.25,0.44,3.9,3.9,0.25,0.25,15.9,20,0,60.6,1.26,0.12,0.2,0.12,0.1,0.1
Sávio,BRA,FW/MF,Manchester City,20,2001,18,13,1080,1,5,0,0,2,0,0.08,0.42,0.5,0.08,0.5,3,3,0.25,0.25,12,14,1,38.9,1.17,0.03,0.07,0.08,-2,-2
Oliver Scarles,ENG,DF/FW,West Ham,19,2002,4,0,81,0,0,0,0,0,0,0,0,0,0,0,0,0,0,0,0.9,0,0,0,0,0,0,0,0,0
Kevin Schade,GER,FW,Brentford,23,1998,22,10,992,5,2,0,0,2,0,0.45,0.18,0.64,0.45,0.64,4.1,4.1,0.38,0.38,11,11,0,45.8,1,0.21,0.45,0.17,0.9,0.9
Fabian Schär,SUI,DF,Newcastle Utd,33,1988,18,17,1512,2,0,0,0,5,1,0.12,0,0.12,0.12,0.12,1.3,1.3,0.08,0.08,16.8,4,3,22.2,0.24,0.11,0.5,0.07,0.7,0.7
Jeffrey Schlupp,GHA,MF/DF,Crystal Palace,32,1989,12,0,103,0,0,0,0,0,0,0,0,0,0,0,0.2,0.2,0.14,0.14,1.1,2,0,50,1.75,0,0,0.04,-0.2,-0.2
Alex Scott,ENG,MF,Bournemouth,21,2000,8,2,263,0,0,0,0,0,0,0,0,0,0,0,0.1,0.1,0.05,0.05,2.9,1,0,33.3,0.34,0,0,0.05,-0.1,-0.1
Matz Sels,BEL,GK,Nott'ham Forest,32,1989,22,22,1980,0,0,0,0,2,0,0,0,0,0,0,0,0,0,0,22,0,0,0,0,0,0,0,0,0
Nélson Semedo,POR,DF,Wolves,31,1990,17,16,1428,0,3,0,0,6,0,0,0.19,0.19,0,0.19,0.4,0.4,0.03,0.03,15.9,4,0,44.4,0.25,0,0,0.04,-0.4,-0.4
Antoine Semenyo,GHA,FW,Bournemouth,25,1996,21,21,1836,6,3,0,0,5,0,0.29,0.15,0.44,0.29,0.44,6.6,6.6,0.32,0.32,20.4,23,0,28.4,1.13,0.07,0.26,0.08,-0.6,-0.6
Marcos Senesi,ARG,DF,Bournemouth,27,1994,11,11,917,0,0,0,0,4,0,0,0,0,0,0,0.8,0.8,0.08,0.08,10.2,0,0,0,0,0,0,0.4,-0.8,-0.8
Ryan Sessegnon,ENG,MF,Fulham,24,1997,2,0,6,0,0,0,0,0,0,0,0,0,0,0,0,0,0,0,0.1,0,0,0,0,0,0,0,0,0
Luke Shaw,ENG,DF,Manchester Utd,29,1992,2,0,70,0,0,0,0,0,0,0,0,0,0,0,0,0,0,0,0.8,0,0,0,0,0,0,0,0,0
Bernardo Silva,POR,MF/FW,Manchester City,30,1991,21,19,1736,2,4,0,0,4,0,0.1,0.21,0.31,0.1,0.31,2.9,2.9,0.15,0.15,19.3,9,0,36,0.47,0.08,0.22,0.11,-0.9,-0.9
Jota Silva,POR,FW/MF,Nott'ham Forest,25,1996,21,3,624,0,1,0,0,3,0,0,0.14,0.14,0,0.14,0.9,0.9,0.13,0.13,6.9,2,0,16.7,0.29,0,0,0.07,-0.9,-0.9
Eric da Silva Moreira,GER,MF/DF,Nott'ham Forest,18,2003,2,0,30,0,0,0,0,0,0,0,0,0,0,0,0,0,0,0,0.3,0,0,0,0,0,0,0,0,0
Jahmai Simpson-Pusey,ENG,DF,Manchester City,19,2002,2,1,96,0,0,0,0,1,0,0,0,0,0,0,0,0,0,0,1.1,0,0,0,0,0,0,0,0,0
Luis Sinisterra,COL,FW/MF,Bournemouth,25,1996,8,1,208,1,1,0,0,0,0,0.43,0.43,0.87,0.43,0.87,1.1,1.1,0.48,0.48,2.3,6,0,50,2.6,0.08,0.17,0.09,-0.1,-0.1
Oliver Skipp,ENG,MF,Leicester City,24,1997,14,7,760,0,0,0,0,4,0,0,0,0,0,0,0.1,0.1,0.01,0.01,8.4,1,0,33.3,0.12,0,0,0.04,-0.1,-0.1
William Smallbone,IRL,MF,Southampton,24,1997,6,3,274,0,0,0,0,0,0,0,0,0,0,0,0.3,0.3,0.1,0.1,3,0,1,0,0,0,0,0.08,-0.3,-0.3
Adam Smith,ENG,DF,Bournemouth,33,1988,17,12,1035,0,0,0,0,4,0,0,0,0,0,0,0.6,0.6,0.05,0.05,11.5,0,0,0,0,0,0,0.6,-0.6,-0.6
Emile Smith Rowe,ENG,MF,Fulham,24,1997,20,16,1282,4,2,0,0,1,0,0.28,0.14,0.42,0.28,0.42,3.3,3.3,0.23,0.23,14.2,5,0,21.7,0.35,0.17,0.8,0.14,0.7,0.7
Dominic Solanke,ENG,FW,Tottenham,27,1994,18,18,1598,7,3,0,0,0,0,0.39,0.17,0.56,0.39,0.56,8.5,8.5,0.48,0.48,17.8,19,0,41.3,1.07,0.15,0.37,0.19,-1.5,-1.5
Carlos Soler,ESP,MF/FW,West Ham,28,1993,17,9,841,1,1,0,0,5,0,0.11,0.11,0.21,0.11,0.21,1.1,1.1,0.12,0.12,9.3,5,1,27.8,0.54,0.06,0.2,0.06,-0.1,-0.1
Ramón Sosa,PAR,FW/MF,Nott'ham Forest,25,1996,13,1,229,1,0,0,0,0,0,0.39,0,0.39,0.39,0.39,0.9,0.9,0.36,0.36,2.5,4,0,44.4,1.57,0.11,0.25,0.1,0.1,0.1
Tomáš Souček,CZE,MF,West Ham,29,1992,20,17,1525,5,1,0,0,6,0,0.3,0.06,0.35,0.3,0.35,3.5,3.5,0.21,0.21,16.9,9,0,25.7,0.53,0.14,0.56,0.1,1.5,1.5
Boubakary Soumaré,FRA,MF,Leicester City,25,1996,15,11,1015,0,0,0,0,8,0,0,0,0,0,0,0.2,0.2,0.02,0.02,11.3,0,0,0,0,0,0,0.05,-0.2,-0.2
Djed Spence,ENG,DF,Tottenham,24,1997,10,6,590,0,1,0,0,3,1,0,0.15,0.15,0,0.15,0.1,0.1,0.02,0.02,6.6,0,0,0,0,0,0,0.04,-0.1,-0.1
Jay Stansfield,ENG,MF,Fulham,22,1999,1,0,1,0,0,0,0,0,0,0,0,0,0,0,0,0,0,0,0,0,0,0,0,0,0,0,0,0
Jason Steele,ENG,GK,Brighton,34,1987,2,2,180,0,0,0,0,0,0,0,0,0,0,0,0,0,0,0,2,0,0,0,0,0,0,0,0,0
Jack Stephens,ENG,DF,Southampton,30,1991,10,10,793,0,0,0,0,2,2,0,0,0,0,0,0.3,0.3,0.03,0.03,8.8,0,0,0,0,0,0,0.14,-0.3,-0.3
Raheem Sterling,ENG,FW/MF,Arsenal,30,1991,8,3,217,0,1,0,0,1,0,0,0.41,0.41,0,0.41,0.9,0.9,0.36,0.36,2.4,0,1,0,0,0,0,0.12,-0.9,-0.9
Ross Stewart,SCO,FW/MF,Southampton,28,1993,4,1,132,0,0,0,0,1,0,0,0,0,0,0,0.1,0.1,0.08,0.08,1.5,0,0,0,0,0,0,0.06,-0.1,-0.1
Jakub Stolarczyk,POL,GK,Leicester City,24,1997,5,5,450,0,0,0,0,0,0,0,0,0,0,0,0,0,0,0,5,0,0,0,0,0,0,0,0,0
John Stones,ENG,DF/MF,Manchester City,30,1991,8,4,331,2,0,0,0,1,0,0.54,0,0.54,0.54,0.54,0.4,0.4,0.12,0.12,3.7,2,0,100,0.54,1,1,0.22,1.6,1.6
Jørgen Strand Larsen,NOR,FW,Wolves,24,1997,21,20,1712,7,2,0,0,2,0,0.37,0.11,0.47,0.37,0.47,6,6,0.32,0.32,19,21,0,63.6,1.1,0.21,0.33,0.18,1,1
Yukinari Sugawara,JPN,DF,Southampton,24,1997,19,13,1125,1,1,0,0,3,0,0.08,0.08,0.16,0.08,0.16,0.4,0.4,0.03,0.03,12.5,2,1,22.2,0.16,0.11,0.5,0.04,0.6,0.6
Kamaldeen Sulemana,GHA,FW/MF,Southampton,22,1999,11,3,285,0,0,0,0,0,0,0,0,0,0,0,0.4,0.4,0.14,0.14,3.2,1,0,16.7,0.32,0,0,0.07,-0.4,-0.4
Crysencio Summerville,NED,FW/MF,West Ham,23,1998,19,7,786,1,1,0,0,2,0,0.11,0.11,0.23,0.11,0.23,1.6,1.6,0.19,0.19,8.7,4,0,28.6,0.46,0.07,0.25,0.12,-0.6,-0.6
Sammie Szmodics,IRL,FW/MF,Ipswich Town,29,1992,18,13,978,4,0,0,0,2,0,0.37,0,0.37,0.37,0.37,3.4,3.4,0.31,0.31,10.9,12,0,57.1,1.1,0.19,0.33,0.16,0.6,0.6
Dominik Szoboszlai,HUN,MF,Liverpool,24,1997,19,14,1301,2,2,0,0,6,0,0.14,0.14,0.28,0.14,0.28,4.7,4.7,0.33,0.33,14.5,10,1,27.8,0.69,0.06,0.2,0.13,-2.7,-2.7
Matt Targett,ENG,DF,Newcastle Utd,29,1992,1,0,12,0,0,0,0,0,0,0,0,0,0,0,0,0,0,0,0.1,0,0,0,0,0,0,0,0,0
James Tarkowski,ENG,DF,Everton,32,1989,21,21,1881,0,0,0,0,4,0,0,0,0,0,0,1,1,0.05,0.05,20.9,3,0,30,0.14,0,0,0.1,-1,-1
Marcus Tavernier,ENG,FW/MF,Bournemouth,25,1996,15,13,1140,1,4,0,0,2,0,0.08,0.32,0.39,0.08,0.39,4.1,4.1,0.32,0.32,12.7,9,2,28.1,0.71,0.03,0.11,0.13,-3.1,-3.1
Charlie Taylor,ENG,DF,Southampton,31,1990,7,2,266,0,0,0,0,1,0,0,0,0,0,0,0,0,0,0,3,0,0,0,0,0,0,0,0,0
Jack Taylor,IRL,MF,Ipswich Town,26,1995,17,1,404,1,0,0,0,3,0,0.22,0,0.22,0.22,0.22,0.5,0.5,0.12,0.12,4.5,4,0,33.3,0.89,0.08,0.25,0.04,0.5,0.5
Kenny Tete,NED,DF,Fulham,29,1992,15,15,1262,0,2,0,0,3,0,0,0.14,0.14,0,0.14,1,1,0.07,0.07,14,2,0,11.1,0.14,0,0,0.06,-1,-1
Thiago,BRA,FW,Brentford,23,1998,4,1,132,0,0,0,0,0,0,0,0,0,0,0,0.1,0.1,0.07,0.07,1.5,0,0,0,0,0,0,0.1,-0.1,-0.1
Luke Thomas,ENG,DF,Leicester City,23,1998,2,2,179,0,0,0,0,0,0,0,0,0,0,0,0,0,0.01,0.01,2,0,0,0,0,0,0,0.02,0,0
Youri Tielemans,BEL,MF,Aston Villa,27,1994,22,22,1861,1,4,0,1,3,0,0.05,0.19,0.24,0.05,0.24,2.1,1.3,0.1,0.06,20.7,4,0,22.2,0.19,0.06,0.25,0.07,-1.1,-0.3
Kieran Tierney,SCO,FW/DF,Arsenal,27,1994,1,0,14,0,0,0,0,0,0,0,0,0,0,0,0,0,0,0,0.2,0,0,0,0,0,0,0,0,0
Jurriën Timber,NED,DF,Arsenal,23,1998,19,18,1575,1,1,0,0,5,0,0.06,0.06,0.11,0.06,0.11,0.7,0.7,0.04,0.04,17.5,3,0,27.3,0.17,0.09,0.33,0.06,0.3,0.3
Jean-Clair Todibo,FRA,DF,West Ham,25,1996,15,8,866,0,0,0,0,0,0,0,0,0,0,0,0.1,0.1,0.01,0.01,9.6,0,0,0,0,0,0,0.05,-0.1,-0.1
Harry Toffolo,ENG,DF,Nott'ham Forest,29,1992,3,0,47,0,0,0,0,0,0,0,0,0,0,0,0,0,0.03,0.03,0.5,0,0,0,0,0,0,0.02,0,0
Takehiro Tomiyasu,JPN,DF,Arsenal,26,1995,1,0,7,0,0,0,0,0,0,0,0,0,0,0,0.2,0.2,2.37,2.37,0.1,0,0,0,0,0,0,0.18,-0.2,-0.2
Sandro Tonali,ITA,MF,Newcastle Utd,24,1997,20,13,1281,0,1,0,0,4,0,0,0.07,0.07,0,0.07,2.5,2.5,0.18,0.18,14.2,6,2,30,0.42,0,0,0.13,-2.5,-2.5
Pau Torres,ESP,DF,Aston Villa,28,1993,18,18,1549,0,0,0,0,1,0,0,0,0,0,0,0.5,0.5,0.03,0.03,17.2,2,0,25,0.12,0,0,0.06,-0.5,-0.5
Conor Townsend,ENG,MF,Ipswich Town,31,1990,1,0,1,0,0,0,0,0,0,0,0,0,0,0,0,0,0,0,0,0,0,0,0,0,0,0,0,0
Adama Traoré,ESP,FW/MF,Fulham,28,1993,21,11,1009,2,3,0,0,2,0,0.18,0.27,0.45,0.18,0.45,3.3,3.3,0.29,0.29,11.2,9,0,34.6,0.8,0.08,0.22,0.13,-1.3,-1.3
Mark Travers,IRL,GK,Bournemouth,25,1996,5,5,450,0,0,0,0,0,0,0,0,0,0,0,0,0,0,0,5,0,0,0,0,0,0,0,0,0
Ryan Trevitt,ENG,MF,Brentford,21,2000,1,0,4,0,0,0,0,0,0,0,0,0,0,0,0,0,0,0,0,0,0,0,0,0,0,0,0,0
Kieran Trippier,ENG,DF,Newcastle Utd,34,1987,13,5,514,0,0,0,0,1,0,0,0,0,0,0,0,0,0,0,5.7,0,0,0,0,0,0,0.03,0,0
Leandro Trossard,BEL,FW,Arsenal,30,1991,22,14,1276,4,4,0,0,3,1,0.28,0.28,0.56,0.28,0.56,3.7,3.7,0.26,0.26,14.2,11,0,30.6,0.78,0.11,0.36,0.1,0.3,0.3
Kostas Tsimikas,GRE,DF,Liverpool,28,1993,10,3,343,0,1,0,0,1,0,0,0.26,0.26,0,0.26,0.1,0.1,0.02,0.02,3.8,1,0,50,0.26,0,0,0.04,-0.1,-0.1
Axel Tuanzebe,COD,DF,Ipswich Town,27,1994,10,9,797,0,0,0,0,3,0,0,0,0,0,0,0.2,0.2,0.02,0.02,8.9,0,0,0,0,0,0,0.06,-0.2,-0.2
Destiny Udogie,ITA,DF,Tottenham,22,1999,18,18,1430,0,1,0,0,2,0,0,0.06,0.06,0,0.06,0.3,0.3,0.02,0.02,15.9,1,0,20,0.06,0,0,0.06,-0.3,-0.3
Manuel Ugarte Ribeiro,URU,MF,Manchester Utd,23,1998,16,11,918,0,0,0,0,6,0,0,0,0,0,0,0.3,0.3,0.03,0.03,10.2,0,0,0,0,0,0,0.06,-0.3,-0.3
Lesley Ugochukwu,FRA,MF,Southampton,20,2001,12,5,587,0,1,0,0,3,0,0,0.15,0.15,0,0.15,0.3,0.3,0.05,0.05,6.5,0,0,0,0,0,0,0.11,-0.3,-0.3
Enes Ünal,TUR,FW/MF,Bournemouth,27,1994,17,2,345,2,1,0,0,2,0,0.52,0.26,0.78,0.52,0.78,2.7,2.7,0.72,0.72,3.8,7,3,35,1.83,0.1,0.29,0.14,-0.7,-0.7
Virgil van Dijk,NED,DF,Liverpool,33,1988,21,21,1890,1,1,0,0,1,0,0.05,0.05,0.1,0.05,0.1,1.5,1.5,0.07,0.07,21,5,1,31.3,0.24,0.06,0.2,0.09,-0.5,-0.5
Jamie Vardy,ENG,FW,Leicester City,38,1983,20,20,1641,6,3,1,1,4,0,0.33,0.16,0.49,0.27,0.44,7.3,6.5,0.4,0.35,18.2,13,0,36.1,0.71,0.14,0.38,0.18,-1.3,-1.5
Renato Veiga,POR,DF/MF,Chelsea,21,2000,7,1,181,0,0,0,0,2,0,0,0,0,0,0,0.2,0.2,0.08,0.08,2,1,0,33.3,0.5,0,0,0.05,-0.2,-0.2
Joël Veltman,NED,DF,Brighton,33,1988,16,16,1380,0,0,0,0,4,0,0,0,0,0,0,0.1,0.1,0.01,0.01,15.3,0,0,0,0,0,0,0.04,-0.1,-0.1
Micky van de Ven,NED,DF,Tottenham,23,1998,9,9,788,0,2,0,0,4,0,0,0.23,0.23,0,0.23,0.4,0.4,0.04,0.04,8.8,1,0,20,0.11,0,0,0.07,-0.4,-0.4
Bart Verbruggen,NED,GK,Brighton,22,1999,20,20,1800,0,0,0,0,2,0,0,0,0,0,0,0,0,0,0,20,0,0,0,0,0,0,0,0,0
Jannik Vestergaard,DEN,DF,Leicester City,32,1989,14,13,1111,0,0,0,0,5,0,0,0,0,0,0,0,0,0,0,12.3,1,0,50,0.08,0,0,0.02,0,0
Guglielmo Vicario,ITA,GK,Tottenham,28,1993,12,12,1080,0,0,0,0,1,0,0,0,0,0,0,0,0,0,0,12,0,0,0,0,0,0,0,0,0
Carlos Vinícius,BRA,MF,Fulham,29,1992,1,0,4,0,0,0,0,0,0,0,0,0,0,0,0,0,0.83,0.83,0,1,0,100,22.5,0,0,0.04,0,0
Kyle Walker,ENG,DF,Manchester City,34,1987,15,9,970,0,0,0,0,3,0,0,0,0,0,0,0.1,0.1,0.01,0.01,10.8,2,0,40,0.19,0,0,0.03,-0.1,-0.1
Kyle Walker-Peters,ENG,DF,Southampton,27,1994,20,20,1780,0,2,0,0,5,0,0,0.1,0.1,0,0.1,0.5,0.5,0.02,0.02,19.8,5,0,33.3,0.25,0,0,0.03,-0.5,-0.5
Christian Walton,ENG,GK,Ipswich Town,29,1992,5,5,450,0,0,0,0,0,0,0,0,0,0,0,0,0,0,0,5,0,0,0,0,0,0,0,0,0
Aaron Wan-Bissaka,ENG,DF,West Ham,27,1994,21,20,1804,2,1,0,0,1,0,0.1,0.05,0.15,0.1,0.15,1,1,0.05,0.05,20,3,0,25,0.15,0.17,0.67,0.08,1,1
Danny Ward,WAL,GK,Leicester City,31,1990,2,1,135,0,0,0,0,0,0,0,0,0,0,0,0,0,0,0,1.5,0,0,0,0,0,0,0,0,0
James Ward-Prowse,ENG,MF,West Ham,30,1991,1,0,18,0,0,0,0,0,0,0,0,0,0,0,0,0,0,0,0.2,0,0,0,0,0,0,0,0,0
James Ward-Prowse,ENG,MF,Nott'ham Forest,30,1991,9,5,400,0,1,0,0,2,1,0,0.23,0.23,0,0.23,0.1,0.1,0.01,0.01,4.4,1,1,50,0.23,0,0,0.03,-0.1,-0.1
Ollie Watkins,ENG,FW,Aston Villa,29,1992,22,18,1531,10,4,2,2,0,0,0.59,0.24,0.82,0.47,0.71,11.4,9.8,0.67,0.58,17,23,0,41.8,1.35,0.15,0.35,0.18,-1.4,-1.8
Adam Webster,ENG,DF,Brighton,30,1991,5,3,166,0,0,0,0,0,0,0,0,0,0,0,0,0,0.01,0.01,1.8,1,0,100,0.54,0,0,0.02,0,0
Danny Welbeck,ENG,FW,Brighton,34,1987,16,14,1193,6,2,0,0,1,0,0.45,0.15,0.6,0.45,0.6,5.8,5.8,0.44,0.44,13.3,13,7,36.1,0.98,0.17,0.46,0.16,0.2,0.2
Timo Werner,GER,FW/MF,Tottenham,28,1993,17,4,507,0,3,0,0,0,0,0,0.53,0.53,0,0.53,1,1,0.17,0.17,5.6,3,0,37.5,0.53,0,0,0.12,-1,-1
Adam Wharton,ENG,MF,Crystal Palace,20,2001,8,8,622,0,0,0,0,0,0,0,0,0,0,0,0.2,0.2,0.03,0.03,6.9,5,0,55.6,0.72,0,0,0.03,-0.2,-0.2
Ben White,ENG,DF,Arsenal,27,1994,9,7,695,0,1,0,0,2,0,0,0.13,0.13,0,0.13,0.1,0.1,0.02,0.02,7.7,1,0,25,0.13,0,0,0.03,-0.1,-0.1
Mats Wieffer,NED,MF,Brighton,25,1996,13,4,471,1,1,0,0,2,0,0.19,0.19,0.38,0.19,0.38,0.5,0.5,0.09,0.09,5.2,2,0,40,0.38,0.2,0.5,0.09,0.5,0.5
Neco Williams,WAL,DF,Nott'ham Forest,23,1998,19,12,1178,0,1,0,0,4,0,0,0.08,0.08,0,0.08,1,1,0.08,0.08,13.1,5,1,27.8,0.38,0,0,0.06,-1,-1
Joe Willock,ENG,MF/FW,Newcastle Utd,25,1996,19,6,586,0,1,0,0,2,0,0,0.15,0.15,0,0.15,0.8,0.8,0.13,0.13,6.5,2,0,18.2,0.31,0,0,0.08,-0.8,-0.8
Callum Wilson,ENG,FW/MF,Newcastle Utd,32,1989,4,0,61,0,0,0,0,1,0,0,0,0,0,0,0,0,0,0,0.7,0,0,0,0,0,0,0,0,0
Harry Wilson,WAL,FW/MF,Fulham,27,1994,18,7,787,5,1,0,0,2,0,0.57,0.11,0.69,0.57,0.69,3.2,3.2,0.37,0.37,8.7,9,1,32.1,1.03,0.18,0.56,0.12,1.8,1.8
Harry Winks,ENG,MF,Leicester City,28,1993,17,15,1276,0,2,0,0,3,0,0,0.14,0.14,0,0.14,0.2,0.2,0.01,0.01,14.2,3,0,33.3,0.21,0,0,0.02,-0.2,-0.2
Ben Winterburn,ENG,MF,Bournemouth,20,2001,2,0,10,0,0,0,0,0,0,0,0,0,0,0,0,0,0,0,0.1,0,0,0,0,0,0,0,0,0
Yoane Wissa,COD,FW,Brentford,28,1993,19,18,1481,11,2,0,0,2,0,0.67,0.12,0.79,0.67,0.79,10.2,10.2,0.62,0.62,16.5,21,0,47.7,1.28,0.25,0.52,0.23,0.8,0.8
Chris Wood,NZL,FW,Nott'ham Forest,33,1988,22,21,1744,14,2,2,2,1,0,0.72,0.1,0.83,0.62,0.72,8.1,6.5,0.42,0.34,19.4,21,0,53.8,1.08,0.31,0.57,0.17,5.9,5.5
Nathan Wood-Gordon,ENG,DF,Southampton,22,1999,8,6,579,0,0,0,0,2,0,0,0,0,0,0,0.2,0.2,0.04,0.04,6.4,0,0,0,0,0,0,0.12,-0.2,-0.2
Luke Woolfenden,ENG,DF,Ipswich Town,26,1995,9,8,737,0,0,0,0,2,0,0,0,0,0,0,0,0,0,0,8.2,0,0,0,0,0,0,0.03,0,0
Yehor Yarmoliuk,UKR,MF,Brentford,20,2001,17,6,618,0,0,0,0,2,0,0,0,0,0,0,0.5,0.5,0.08,0.08,6.9,1,0,12.5,0.15,0,0,0.07,-0.5,-0.5
Ryan Yates,ENG,MF,Nott'ham Forest,27,1994,21,14,1412,1,0,0,0,6,0,0.06,0,0.06,0.06,0.06,1.7,1.7,0.11,0.11,15.7,6,0,26.1,0.38,0.04,0.17,0.07,-0.7,-0.7
Leny Yoro,FRA,DF,Manchester Utd,19,2002,9,4,422,0,0,0,0,2,0,0,0,0,0,0,0.7,0.7,0.14,0.14,4.7,1,0,25,0.21,0,0,0.18,-0.7,-0.7
Ashley Young,ENG,DF,Everton,39,1982,18,17,1459,1,3,0,0,5,1,0.06,0.19,0.25,0.06,0.25,0.2,0.2,0.01,0.01,16.2,3,3,60,0.19,0.2,0.33,0.04,0.8,0.8
Illia Zabarnyi,UKR,DF,Bournemouth,22,1999,22,22,1980,0,0,0,0,2,0,0,0,0,0,0,0.8,0.8,0.04,0.04,22,0,0,0,0,0,0,0.12,-0.8,-0.8
Oleksandr Zinchenko,UKR,DF/MF,Arsenal,28,1993,8,2,243,0,0,0,0,1,0,0,0,0,0,0,0.1,0.1,0.02,0.02,2.7,0,0,0,0,0,0,0.06,-0.1,-0.1
Joshua Zirkzee,NED,FW/MF,Manchester Utd,23,1998,22,8,831,3,1,0,0,1,0,0.32,0.11,0.43,0.32,0.43,3.2,3.2,0.35,0.35,9.2,8,0,42.1,0.87,0.16,0.38,0.17,-0.2,-0.2
Martin Ødegaard,NOR,MF,Arsenal,26,1995,15,14,1200,1,3,1,1,1,0,0.07,0.23,0.3,0,0.23,2.9,2.2,0.22,0.16,13.3,6,1,28.6,0.45,0,0,0.1,-1.9,-2.2
